database,table,name,type,position,default_kind,default_expression,data_compressed_bytes,data_uncompressed_bytes,marks_bytes,comment,is_in_partition_key,is_in_sorting_key,is_in_primary_key,is_in_sampling_key,compression_codec
system,aggregate_function_combinators,name,String,1,,,0,0,0,,0,0,0,0,
system,aggregate_function_combinators,is_internal,UInt8,2,,,0,0,0,,0,0,0,0,
system,asynchronous_metric_log,event_date,Date,1,,,2599,573920,888,,1,1,1,0,
system,asynchronous_metric_log,event_time,DateTime,2,,,38240,1147840,888,,0,1,1,0,
system,asynchronous_metric_log,name,String,3,,,45491,6298772,888,,0,0,0,0,
system,asynchronous_metric_log,value,Float64,4,,,522001,2295680,888,,0,0,0,0,
system,asynchronous_metrics,metric,String,1,,,0,0,0,,0,0,0,0,
system,asynchronous_metrics,value,Float64,2,,,0,0,0,,0,0,0,0,
system,build_options,name,String,1,,,0,0,0,,0,0,0,0,
system,build_options,value,String,2,,,0,0,0,,0,0,0,0,
system,clusters,cluster,String,1,,,0,0,0,,0,0,0,0,
system,clusters,shard_num,UInt32,2,,,0,0,0,,0,0,0,0,
system,clusters,shard_weight,UInt32,3,,,0,0,0,,0,0,0,0,
system,clusters,replica_num,UInt32,4,,,0,0,0,,0,0,0,0,
system,clusters,host_name,String,5,,,0,0,0,,0,0,0,0,
system,clusters,host_address,String,6,,,0,0,0,,0,0,0,0,
system,clusters,port,UInt16,7,,,0,0,0,,0,0,0,0,
system,clusters,is_local,UInt8,8,,,0,0,0,,0,0,0,0,
system,clusters,user,String,9,,,0,0,0,,0,0,0,0,
system,clusters,default_database,String,10,,,0,0,0,,0,0,0,0,
system,clusters,errors_count,UInt32,11,,,0,0,0,,0,0,0,0,
system,clusters,estimated_recovery_time,UInt32,12,,,0,0,0,,0,0,0,0,
system,collations,name,String,1,,,0,0,0,,0,0,0,0,
system,collations,language,Nullable(String),2,,,0,0,0,,0,0,0,0,
system,columns,database,String,1,,,0,0,0,,0,0,0,0,
system,columns,table,String,2,,,0,0,0,,0,0,0,0,
system,columns,name,String,3,,,0,0,0,,0,0,0,0,
system,columns,type,String,4,,,0,0,0,,0,0,0,0,
system,columns,position,UInt64,5,,,0,0,0,,0,0,0,0,
system,columns,default_kind,String,6,,,0,0,0,,0,0,0,0,
system,columns,default_expression,String,7,,,0,0,0,,0,0,0,0,
system,columns,data_compressed_bytes,UInt64,8,,,0,0,0,,0,0,0,0,
system,columns,data_uncompressed_bytes,UInt64,9,,,0,0,0,,0,0,0,0,
system,columns,marks_bytes,UInt64,10,,,0,0,0,,0,0,0,0,
system,columns,comment,String,11,,,0,0,0,,0,0,0,0,
system,columns,is_in_partition_key,UInt8,12,,,0,0,0,,0,0,0,0,
system,columns,is_in_sorting_key,UInt8,13,,,0,0,0,,0,0,0,0,
system,columns,is_in_primary_key,UInt8,14,,,0,0,0,,0,0,0,0,
system,columns,is_in_sampling_key,UInt8,15,,,0,0,0,,0,0,0,0,
system,columns,compression_codec,String,16,,,0,0,0,,0,0,0,0,
system,contributors,name,String,1,,,0,0,0,,0,0,0,0,
system,current_roles,role_name,String,1,,,0,0,0,,0,0,0,0,
system,current_roles,with_admin_option,UInt8,2,,,0,0,0,,0,0,0,0,
system,current_roles,is_default,UInt8,3,,,0,0,0,,0,0,0,0,
system,data_type_families,name,String,1,,,0,0,0,,0,0,0,0,
system,data_type_families,case_insensitive,UInt8,2,,,0,0,0,,0,0,0,0,
system,data_type_families,alias_to,String,3,,,0,0,0,,0,0,0,0,
system,databases,name,String,1,,,0,0,0,,0,0,0,0,
system,databases,self,String,2,,,0,0,0,,0,0,0,0,
system,databases,data_path,String,3,,,0,0,0,,0,0,0,0,
system,databases,metadata_path,String,4,,,0,0,0,,0,0,0,0,
system,databases,uuid,UUID,5,,,0,0,0,,0,0,0,0,
system,detached_parts,database,String,1,,,0,0,0,,0,0,0,0,
system,detached_parts,table,String,2,,,0,0,0,,0,0,0,0,
system,detached_parts,partition_id,Nullable(String),3,,,0,0,0,,0,0,0,0,
system,detached_parts,name,String,4,,,0,0,0,,0,0,0,0,
system,detached_parts,disk,String,5,,,0,0,0,,0,0,0,0,
system,detached_parts,reason,Nullable(String),6,,,0,0,0,,0,0,0,0,
system,detached_parts,min_block_number,Nullable(Int64),7,,,0,0,0,,0,0,0,0,
system,detached_parts,max_block_number,Nullable(Int64),8,,,0,0,0,,0,0,0,0,
system,detached_parts,level,Nullable(UInt32),9,,,0,0,0,,0,0,0,0,
system,dictionaries,database,String,1,,,0,0,0,,0,0,0,0,
system,dictionaries,name,String,2,,,0,0,0,,0,0,0,0,
system,dictionaries,uuid,UUID,3,,,0,0,0,,0,0,0,0,
system,dictionaries,status,"Enum8('NOT_LOADED' = 0, 'LOADED' = 1, 'FAILED' = 2, 'LOADING' = 3, 'FAILED_AND_RELOADING' = 4, 'LOADED_AND_RELOADING' = 5, 'NOT_EXIST' = 6)",4,,,0,0,0,,0,0,0,0,
system,dictionaries,origin,String,5,,,0,0,0,,0,0,0,0,
system,dictionaries,type,String,6,,,0,0,0,,0,0,0,0,
system,dictionaries,key,String,7,,,0,0,0,,0,0,0,0,
system,dictionaries,attribute.names,Array(String),8,,,0,0,0,,0,0,0,0,
system,dictionaries,attribute.types,Array(String),9,,,0,0,0,,0,0,0,0,
system,dictionaries,bytes_allocated,UInt64,10,,,0,0,0,,0,0,0,0,
system,dictionaries,query_count,UInt64,11,,,0,0,0,,0,0,0,0,
system,dictionaries,hit_rate,Float64,12,,,0,0,0,,0,0,0,0,
system,dictionaries,element_count,UInt64,13,,,0,0,0,,0,0,0,0,
system,dictionaries,load_factor,Float64,14,,,0,0,0,,0,0,0,0,
system,dictionaries,source,String,15,,,0,0,0,,0,0,0,0,
system,dictionaries,lifetime_min,UInt64,16,,,0,0,0,,0,0,0,0,
system,dictionaries,lifetime_max,UInt64,17,,,0,0,0,,0,0,0,0,
system,dictionaries,loading_start_time,DateTime,18,,,0,0,0,,0,0,0,0,
system,dictionaries,last_successful_update_time,DateTime,19,,,0,0,0,,0,0,0,0,
system,dictionaries,loading_duration,Float32,20,,,0,0,0,,0,0,0,0,
system,dictionaries,last_exception,String,21,,,0,0,0,,0,0,0,0,
system,disks,name,String,1,,,0,0,0,,0,0,0,0,
system,disks,path,String,2,,,0,0,0,,0,0,0,0,
system,disks,free_space,UInt64,3,,,0,0,0,,0,0,0,0,
system,disks,total_space,UInt64,4,,,0,0,0,,0,0,0,0,
system,disks,keep_free_space,UInt64,5,,,0,0,0,,0,0,0,0,
system,disks,type,String,6,,,0,0,0,,0,0,0,0,
system,distribution_queue,database,String,1,,,0,0,0,,0,0,0,0,
system,distribution_queue,table,String,2,,,0,0,0,,0,0,0,0,
system,distribution_queue,data_path,String,3,,,0,0,0,,0,0,0,0,
system,distribution_queue,is_blocked,UInt8,4,,,0,0,0,,0,0,0,0,
system,distribution_queue,error_count,UInt64,5,,,0,0,0,,0,0,0,0,
system,distribution_queue,data_files,UInt64,6,,,0,0,0,,0,0,0,0,
system,distribution_queue,data_compressed_bytes,UInt64,7,,,0,0,0,,0,0,0,0,
system,distribution_queue,last_exception,String,8,,,0,0,0,,0,0,0,0,
system,enabled_roles,role_name,String,1,,,0,0,0,,0,0,0,0,
system,enabled_roles,with_admin_option,UInt8,2,,,0,0,0,,0,0,0,0,
system,enabled_roles,is_current,UInt8,3,,,0,0,0,,0,0,0,0,
system,enabled_roles,is_default,UInt8,4,,,0,0,0,,0,0,0,0,
system,events,event,String,1,,,0,0,0,,0,0,0,0,
system,events,value,UInt64,2,,,0,0,0,,0,0,0,0,
system,events,description,String,3,,,0,0,0,,0,0,0,0,
system,formats,name,String,1,,,0,0,0,,0,0,0,0,
system,formats,is_input,UInt8,2,,,0,0,0,,0,0,0,0,
system,formats,is_output,UInt8,3,,,0,0,0,,0,0,0,0,
system,functions,name,String,1,,,0,0,0,,0,0,0,0,
system,functions,is_aggregate,UInt8,2,,,0,0,0,,0,0,0,0,
system,functions,case_insensitive,UInt8,3,,,0,0,0,,0,0,0,0,
system,functions,alias_to,String,4,,,0,0,0,,0,0,0,0,
system,grants,user_name,Nullable(String),1,,,0,0,0,,0,0,0,0,
system,grants,role_name,Nullable(String),2,,,0,0,0,,0,0,0,0,
system,grants,access_type,"Enum8('SHOW DATABASES' = 0, 'SHOW TABLES' = 1, 'SHOW COLUMNS' = 2, 'SHOW DICTIONARIES' = 3, 'SHOW' = 4, 'SELECT' = 5, 'INSERT' = 6, 'ALTER UPDATE' = 7, 'ALTER DELETE' = 8, 'ALTER ADD COLUMN' = 9, 'ALTER MODIFY COLUMN' = 10, 'ALTER DROP COLUMN' = 11, 'ALTER COMMENT COLUMN' = 12, 'ALTER CLEAR COLUMN' = 13, 'ALTER RENAME COLUMN' = 14, 'ALTER COLUMN' = 15, 'ALTER ORDER BY' = 16, 'ALTER SAMPLE BY' = 17, 'ALTER ADD INDEX' = 18, 'ALTER DROP INDEX' = 19, 'ALTER MATERIALIZE INDEX' = 20, 'ALTER CLEAR INDEX' = 21, 'ALTER INDEX' = 22, 'ALTER ADD CONSTRAINT' = 23, 'ALTER DROP CONSTRAINT' = 24, 'ALTER CONSTRAINT' = 25, 'ALTER TTL' = 26, 'ALTER MATERIALIZE TTL' = 27, 'ALTER SETTINGS' = 28, 'ALTER MOVE PARTITION' = 29, 'ALTER FETCH PARTITION' = 30, 'ALTER FREEZE PARTITION' = 31, 'ALTER TABLE' = 32, 'ALTER VIEW REFRESH' = 33, 'ALTER VIEW MODIFY QUERY' = 34, 'ALTER VIEW' = 35, 'ALTER' = 36, 'CREATE DATABASE' = 37, 'CREATE TABLE' = 38, 'CREATE VIEW' = 39, 'CREATE DICTIONARY' = 40, 'CREATE TEMPORARY TABLE' = 41, 'CREATE' = 42, 'DROP DATABASE' = 43, 'DROP TABLE' = 44, 'DROP VIEW' = 45, 'DROP DICTIONARY' = 46, 'DROP' = 47, 'TRUNCATE' = 48, 'OPTIMIZE' = 49, 'KILL QUERY' = 50, 'CREATE USER' = 51, 'ALTER USER' = 52, 'DROP USER' = 53, 'CREATE ROLE' = 54, 'ALTER ROLE' = 55, 'DROP ROLE' = 56, 'ROLE ADMIN' = 57, 'CREATE ROW POLICY' = 58, 'ALTER ROW POLICY' = 59, 'DROP ROW POLICY' = 60, 'CREATE QUOTA' = 61, 'ALTER QUOTA' = 62, 'DROP QUOTA' = 63, 'CREATE SETTINGS PROFILE' = 64, 'ALTER SETTINGS PROFILE' = 65, 'DROP SETTINGS PROFILE' = 66, 'SHOW USERS' = 67, 'SHOW ROLES' = 68, 'SHOW ROW POLICIES' = 69, 'SHOW QUOTAS' = 70, 'SHOW SETTINGS PROFILES' = 71, 'SHOW ACCESS' = 72, 'ACCESS MANAGEMENT' = 73, 'SYSTEM SHUTDOWN' = 74, 'SYSTEM DROP DNS CACHE' = 75, 'SYSTEM DROP MARK CACHE' = 76, 'SYSTEM DROP UNCOMPRESSED CACHE' = 77, 'SYSTEM DROP COMPILED EXPRESSION CACHE' = 78, 'SYSTEM DROP CACHE' = 79, 'SYSTEM RELOAD CONFIG' = 80, 'SYSTEM RELOAD DICTIONARY' = 81, 'SYSTEM RELOAD EMBEDDED DICTIONARIES' = 82, 'SYSTEM RELOAD' = 83, 'SYSTEM MERGES' = 84, 'SYSTEM TTL MERGES' = 85, 'SYSTEM FETCHES' = 86, 'SYSTEM MOVES' = 87, 'SYSTEM DISTRIBUTED SENDS' = 88, 'SYSTEM REPLICATED SENDS' = 89, 'SYSTEM SENDS' = 90, 'SYSTEM REPLICATION QUEUES' = 91, 'SYSTEM DROP REPLICA' = 92, 'SYSTEM SYNC REPLICA' = 93, 'SYSTEM RESTART REPLICA' = 94, 'SYSTEM FLUSH DISTRIBUTED' = 95, 'SYSTEM FLUSH LOGS' = 96, 'SYSTEM FLUSH' = 97, 'SYSTEM' = 98, 'dictGet' = 99, 'addressToLine' = 100, 'addressToSymbol' = 101, 'demangle' = 102, 'INTROSPECTION' = 103, 'FILE' = 104, 'URL' = 105, 'REMOTE' = 106, 'MONGO' = 107, 'MYSQL' = 108, 'ODBC' = 109, 'JDBC' = 110, 'HDFS' = 111, 'S3' = 112, 'SOURCES' = 113, 'ALL' = 114, 'NONE' = 115)",3,,,0,0,0,,0,0,0,0,
system,grants,database,Nullable(String),4,,,0,0,0,,0,0,0,0,
system,grants,table,Nullable(String),5,,,0,0,0,,0,0,0,0,
system,grants,column,Nullable(String),6,,,0,0,0,,0,0,0,0,
system,grants,is_partial_revoke,UInt8,7,,,0,0,0,,0,0,0,0,
system,grants,grant_option,UInt8,8,,,0,0,0,,0,0,0,0,
system,graphite_retentions,config_name,String,1,,,0,0,0,,0,0,0,0,
system,graphite_retentions,regexp,String,2,,,0,0,0,,0,0,0,0,
system,graphite_retentions,function,String,3,,,0,0,0,,0,0,0,0,
system,graphite_retentions,age,UInt64,4,,,0,0,0,,0,0,0,0,
system,graphite_retentions,precision,UInt64,5,,,0,0,0,,0,0,0,0,
system,graphite_retentions,priority,UInt16,6,,,0,0,0,,0,0,0,0,
system,graphite_retentions,is_default,UInt8,7,,,0,0,0,,0,0,0,0,
system,graphite_retentions,Tables.database,Array(String),8,,,0,0,0,,0,0,0,0,
system,graphite_retentions,Tables.table,Array(String),9,,,0,0,0,,0,0,0,0,
system,licenses,library_name,String,1,,,0,0,0,,0,0,0,0,
system,licenses,license_type,String,2,,,0,0,0,,0,0,0,0,
system,licenses,license_path,String,3,,,0,0,0,,0,0,0,0,
system,licenses,license_text,String,4,,,0,0,0,,0,0,0,0,
system,macros,macro,String,1,,,0,0,0,,0,0,0,0,
system,macros,substitution,String,2,,,0,0,0,,0,0,0,0,
system,merge_tree_settings,name,String,1,,,0,0,0,,0,0,0,0,
system,merge_tree_settings,value,String,2,,,0,0,0,,0,0,0,0,
system,merge_tree_settings,changed,UInt8,3,,,0,0,0,,0,0,0,0,
system,merge_tree_settings,description,String,4,,,0,0,0,,0,0,0,0,
system,merge_tree_settings,type,String,5,,,0,0,0,,0,0,0,0,
system,merges,database,String,1,,,0,0,0,,0,0,0,0,
system,merges,table,String,2,,,0,0,0,,0,0,0,0,
system,merges,elapsed,Float64,3,,,0,0,0,,0,0,0,0,
system,merges,progress,Float64,4,,,0,0,0,,0,0,0,0,
system,merges,num_parts,UInt64,5,,,0,0,0,,0,0,0,0,
system,merges,source_part_names,Array(String),6,,,0,0,0,,0,0,0,0,
system,merges,result_part_name,String,7,,,0,0,0,,0,0,0,0,
system,merges,source_part_paths,Array(String),8,,,0,0,0,,0,0,0,0,
system,merges,result_part_path,String,9,,,0,0,0,,0,0,0,0,
system,merges,partition_id,String,10,,,0,0,0,,0,0,0,0,
system,merges,is_mutation,UInt8,11,,,0,0,0,,0,0,0,0,
system,merges,total_size_bytes_compressed,UInt64,12,,,0,0,0,,0,0,0,0,
system,merges,total_size_marks,UInt64,13,,,0,0,0,,0,0,0,0,
system,merges,bytes_read_uncompressed,UInt64,14,,,0,0,0,,0,0,0,0,
system,merges,rows_read,UInt64,15,,,0,0,0,,0,0,0,0,
system,merges,bytes_written_uncompressed,UInt64,16,,,0,0,0,,0,0,0,0,
system,merges,rows_written,UInt64,17,,,0,0,0,,0,0,0,0,
system,merges,columns_written,UInt64,18,,,0,0,0,,0,0,0,0,
system,merges,memory_usage,UInt64,19,,,0,0,0,,0,0,0,0,
system,merges,thread_id,UInt64,20,,,0,0,0,,0,0,0,0,
system,metric_log,event_date,Date,1,,,7447,1649454,4224,,1,1,1,0,
system,metric_log,event_time,DateTime,2,,,3313016,3298908,4224,,0,1,1,0,
system,metric_log,milliseconds,UInt64,3,,,51128,6597816,4224,,0,0,0,0,
system,metric_log,ProfileEvent_Query,UInt64,4,,,55481,6597816,4224,,0,0,0,0,
system,metric_log,ProfileEvent_SelectQuery,UInt64,5,,,41889,6597816,4224,,0,0,0,0,
system,metric_log,ProfileEvent_InsertQuery,UInt64,6,,,42952,6597816,4224,,0,0,0,0,
system,metric_log,ProfileEvent_FailedQuery,UInt64,7,,,30292,6597816,4224,,0,0,0,0,
system,metric_log,ProfileEvent_FailedSelectQuery,UInt64,8,,,29710,6597816,4224,,0,0,0,0,
system,metric_log,ProfileEvent_FailedInsertQuery,UInt64,9,,,28852,6597816,4224,,0,0,0,0,
system,metric_log,ProfileEvent_QueryTimeMicroseconds,UInt64,10,,,77674,6597816,4224,,0,0,0,0,
system,metric_log,ProfileEvent_SelectQueryTimeMicroseconds,UInt64,11,,,48553,6597816,4224,,0,0,0,0,
system,metric_log,ProfileEvent_InsertQueryTimeMicroseconds,UInt64,12,,,58614,6597816,4224,,0,0,0,0,
system,metric_log,ProfileEvent_FileOpen,UInt64,13,,,573892,6597816,4224,,0,0,0,0,
system,metric_log,ProfileEvent_Seek,UInt64,14,,,250133,6597816,4224,,0,0,0,0,
system,metric_log,ProfileEvent_ReadBufferFromFileDescriptorRead,UInt64,15,,,360670,6597816,4224,,0,0,0,0,
system,metric_log,ProfileEvent_ReadBufferFromFileDescriptorReadFailed,UInt64,16,,,28828,6597816,4224,,0,0,0,0,
system,metric_log,ProfileEvent_ReadBufferFromFileDescriptorReadBytes,UInt64,17,,,515037,6597816,4224,,0,0,0,0,
system,metric_log,ProfileEvent_WriteBufferFromFileDescriptorWrite,UInt64,18,,,546453,6597816,4224,,0,0,0,0,
system,metric_log,ProfileEvent_WriteBufferFromFileDescriptorWriteFailed,UInt64,19,,,28828,6597816,4224,,0,0,0,0,
system,metric_log,ProfileEvent_WriteBufferFromFileDescriptorWriteBytes,UInt64,20,,,783995,6597816,4224,,0,0,0,0,
system,metric_log,ProfileEvent_ReadBufferAIORead,UInt64,21,,,28828,6597816,4224,,0,0,0,0,
system,metric_log,ProfileEvent_ReadBufferAIOReadBytes,UInt64,22,,,28828,6597816,4224,,0,0,0,0,
system,metric_log,ProfileEvent_WriteBufferAIOWrite,UInt64,23,,,28828,6597816,4224,,0,0,0,0,
system,metric_log,ProfileEvent_WriteBufferAIOWriteBytes,UInt64,24,,,28828,6597816,4224,,0,0,0,0,
system,metric_log,ProfileEvent_ReadCompressedBytes,UInt64,25,,,473661,6597816,4224,,0,0,0,0,
system,metric_log,ProfileEvent_CompressedReadBufferBlocks,UInt64,26,,,305449,6597816,4224,,0,0,0,0,
system,metric_log,ProfileEvent_CompressedReadBufferBytes,UInt64,27,,,503082,6597816,4224,,0,0,0,0,
system,metric_log,ProfileEvent_UncompressedCacheHits,UInt64,28,,,28828,6597816,4224,,0,0,0,0,
system,metric_log,ProfileEvent_UncompressedCacheMisses,UInt64,29,,,28828,6597816,4224,,0,0,0,0,
system,metric_log,ProfileEvent_UncompressedCacheWeightLost,UInt64,30,,,28828,6597816,4224,,0,0,0,0,
system,metric_log,ProfileEvent_IOBufferAllocs,UInt64,31,,,598060,6597816,4224,,0,0,0,0,
system,metric_log,ProfileEvent_IOBufferAllocBytes,UInt64,32,,,752753,6597816,4224,,0,0,0,0,
system,metric_log,ProfileEvent_ArenaAllocChunks,UInt64,33,,,45509,6597816,4224,,0,0,0,0,
system,metric_log,ProfileEvent_ArenaAllocBytes,UInt64,34,,,45619,6597816,4224,,0,0,0,0,
system,metric_log,ProfileEvent_FunctionExecute,UInt64,35,,,591770,6597816,4224,,0,0,0,0,
system,metric_log,ProfileEvent_TableFunctionExecute,UInt64,36,,,28882,6597816,4224,,0,0,0,0,
system,metric_log,ProfileEvent_MarkCacheHits,UInt64,37,,,39221,6597816,4224,,0,0,0,0,
system,metric_log,ProfileEvent_MarkCacheMisses,UInt64,38,,,40858,6597816,4224,,0,0,0,0,
system,metric_log,ProfileEvent_CreatedReadBufferOrdinary,UInt64,39,,,258803,6597816,4224,,0,0,0,0,
system,metric_log,ProfileEvent_CreatedReadBufferAIO,UInt64,40,,,28828,6597816,4224,,0,0,0,0,
system,metric_log,ProfileEvent_CreatedReadBufferAIOFailed,UInt64,41,,,28828,6597816,4224,,0,0,0,0,
system,metric_log,ProfileEvent_CreatedReadBufferMMap,UInt64,42,,,28828,6597816,4224,,0,0,0,0,
system,metric_log,ProfileEvent_CreatedReadBufferMMapFailed,UInt64,43,,,28828,6597816,4224,,0,0,0,0,
system,metric_log,ProfileEvent_CreatedWriteBufferOrdinary,UInt64,44,,,534526,6597816,4224,,0,0,0,0,
system,metric_log,ProfileEvent_CreatedWriteBufferAIO,UInt64,45,,,28828,6597816,4224,,0,0,0,0,
system,metric_log,ProfileEvent_CreatedWriteBufferAIOFailed,UInt64,46,,,28828,6597816,4224,,0,0,0,0,
system,metric_log,ProfileEvent_DiskReadElapsedMicroseconds,UInt64,47,,,471505,6597816,4224,,0,0,0,0,
system,metric_log,ProfileEvent_DiskWriteElapsedMicroseconds,UInt64,48,,,768274,6597816,4224,,0,0,0,0,
system,metric_log,ProfileEvent_NetworkReceiveElapsedMicroseconds,UInt64,49,,,37895,6597816,4224,,0,0,0,0,
system,metric_log,ProfileEvent_NetworkSendElapsedMicroseconds,UInt64,50,,,63949,6597816,4224,,0,0,0,0,
system,metric_log,ProfileEvent_ThrottlerSleepMicroseconds,UInt64,51,,,28828,6597816,4224,,0,0,0,0,
system,metric_log,ProfileEvent_QueryMaskingRulesMatch,UInt64,52,,,28828,6597816,4224,,0,0,0,0,
system,metric_log,ProfileEvent_ReplicatedPartFetches,UInt64,53,,,28828,6597816,4224,,0,0,0,0,
system,metric_log,ProfileEvent_ReplicatedPartFailedFetches,UInt64,54,,,28828,6597816,4224,,0,0,0,0,
system,metric_log,ProfileEvent_ObsoleteReplicatedParts,UInt64,55,,,28828,6597816,4224,,0,0,0,0,
system,metric_log,ProfileEvent_ReplicatedPartMerges,UInt64,56,,,28828,6597816,4224,,0,0,0,0,
system,metric_log,ProfileEvent_ReplicatedPartFetchesOfMerged,UInt64,57,,,28828,6597816,4224,,0,0,0,0,
system,metric_log,ProfileEvent_ReplicatedPartMutations,UInt64,58,,,28828,6597816,4224,,0,0,0,0,
system,metric_log,ProfileEvent_ReplicatedPartChecks,UInt64,59,,,28828,6597816,4224,,0,0,0,0,
system,metric_log,ProfileEvent_ReplicatedPartChecksFailed,UInt64,60,,,28828,6597816,4224,,0,0,0,0,
system,metric_log,ProfileEvent_ReplicatedDataLoss,UInt64,61,,,28828,6597816,4224,,0,0,0,0,
system,metric_log,ProfileEvent_InsertedRows,UInt64,62,,,152931,6597816,4224,,0,0,0,0,
system,metric_log,ProfileEvent_InsertedBytes,UInt64,63,,,180465,6597816,4224,,0,0,0,0,
system,metric_log,ProfileEvent_DelayedInserts,UInt64,64,,,28828,6597816,4224,,0,0,0,0,
system,metric_log,ProfileEvent_RejectedInserts,UInt64,65,,,28828,6597816,4224,,0,0,0,0,
system,metric_log,ProfileEvent_DelayedInsertsMilliseconds,UInt64,66,,,28828,6597816,4224,,0,0,0,0,
system,metric_log,ProfileEvent_DuplicatedInsertedBlocks,UInt64,67,,,28828,6597816,4224,,0,0,0,0,
system,metric_log,ProfileEvent_ZooKeeperInit,UInt64,68,,,28828,6597816,4224,,0,0,0,0,
system,metric_log,ProfileEvent_ZooKeeperTransactions,UInt64,69,,,28828,6597816,4224,,0,0,0,0,
system,metric_log,ProfileEvent_ZooKeeperList,UInt64,70,,,28828,6597816,4224,,0,0,0,0,
system,metric_log,ProfileEvent_ZooKeeperCreate,UInt64,71,,,28828,6597816,4224,,0,0,0,0,
system,metric_log,ProfileEvent_ZooKeeperRemove,UInt64,72,,,28828,6597816,4224,,0,0,0,0,
system,metric_log,ProfileEvent_ZooKeeperExists,UInt64,73,,,28828,6597816,4224,,0,0,0,0,
system,metric_log,ProfileEvent_ZooKeeperGet,UInt64,74,,,28828,6597816,4224,,0,0,0,0,
system,metric_log,ProfileEvent_ZooKeeperSet,UInt64,75,,,28828,6597816,4224,,0,0,0,0,
system,metric_log,ProfileEvent_ZooKeeperMulti,UInt64,76,,,28828,6597816,4224,,0,0,0,0,
system,metric_log,ProfileEvent_ZooKeeperCheck,UInt64,77,,,28828,6597816,4224,,0,0,0,0,
system,metric_log,ProfileEvent_ZooKeeperClose,UInt64,78,,,28828,6597816,4224,,0,0,0,0,
system,metric_log,ProfileEvent_ZooKeeperWatchResponse,UInt64,79,,,28828,6597816,4224,,0,0,0,0,
system,metric_log,ProfileEvent_ZooKeeperUserExceptions,UInt64,80,,,28828,6597816,4224,,0,0,0,0,
system,metric_log,ProfileEvent_ZooKeeperHardwareExceptions,UInt64,81,,,28828,6597816,4224,,0,0,0,0,
system,metric_log,ProfileEvent_ZooKeeperOtherExceptions,UInt64,82,,,28828,6597816,4224,,0,0,0,0,
system,metric_log,ProfileEvent_ZooKeeperWaitMicroseconds,UInt64,83,,,28828,6597816,4224,,0,0,0,0,
system,metric_log,ProfileEvent_ZooKeeperBytesSent,UInt64,84,,,28828,6597816,4224,,0,0,0,0,
system,metric_log,ProfileEvent_ZooKeeperBytesReceived,UInt64,85,,,28828,6597816,4224,,0,0,0,0,
system,metric_log,ProfileEvent_DistributedConnectionFailTry,UInt64,86,,,28862,6597816,4224,,0,0,0,0,
system,metric_log,ProfileEvent_DistributedConnectionMissingTable,UInt64,87,,,28828,6597816,4224,,0,0,0,0,
system,metric_log,ProfileEvent_DistributedConnectionStaleReplica,UInt64,88,,,28828,6597816,4224,,0,0,0,0,
system,metric_log,ProfileEvent_DistributedConnectionFailAtAll,UInt64,89,,,28862,6597816,4224,,0,0,0,0,
system,metric_log,ProfileEvent_CompileAttempt,UInt64,90,,,28828,6597816,4224,,0,0,0,0,
system,metric_log,ProfileEvent_CompileSuccess,UInt64,91,,,28828,6597816,4224,,0,0,0,0,
system,metric_log,ProfileEvent_CompileFunction,UInt64,92,,,28828,6597816,4224,,0,0,0,0,
system,metric_log,ProfileEvent_CompiledFunctionExecute,UInt64,93,,,28828,6597816,4224,,0,0,0,0,
system,metric_log,ProfileEvent_CompileExpressionsMicroseconds,UInt64,94,,,28828,6597816,4224,,0,0,0,0,
system,metric_log,ProfileEvent_CompileExpressionsBytes,UInt64,95,,,28828,6597816,4224,,0,0,0,0,
system,metric_log,ProfileEvent_ExternalSortWritePart,UInt64,96,,,28828,6597816,4224,,0,0,0,0,
system,metric_log,ProfileEvent_ExternalSortMerge,UInt64,97,,,28828,6597816,4224,,0,0,0,0,
system,metric_log,ProfileEvent_ExternalAggregationWritePart,UInt64,98,,,28828,6597816,4224,,0,0,0,0,
system,metric_log,ProfileEvent_ExternalAggregationMerge,UInt64,99,,,28828,6597816,4224,,0,0,0,0,
system,metric_log,ProfileEvent_ExternalAggregationCompressedBytes,UInt64,100,,,28828,6597816,4224,,0,0,0,0,
system,metric_log,ProfileEvent_ExternalAggregationUncompressedBytes,UInt64,101,,,28828,6597816,4224,,0,0,0,0,
system,metric_log,ProfileEvent_SlowRead,UInt64,102,,,28828,6597816,4224,,0,0,0,0,
system,metric_log,ProfileEvent_ReadBackoff,UInt64,103,,,28828,6597816,4224,,0,0,0,0,
system,metric_log,ProfileEvent_ReplicaPartialShutdown,UInt64,104,,,28828,6597816,4224,,0,0,0,0,
system,metric_log,ProfileEvent_SelectedParts,UInt64,105,,,33131,6597816,4224,,0,0,0,0,
system,metric_log,ProfileEvent_SelectedRanges,UInt64,106,,,33130,6597816,4224,,0,0,0,0,
system,metric_log,ProfileEvent_SelectedMarks,UInt64,107,,,33278,6597816,4224,,0,0,0,0,
system,metric_log,ProfileEvent_SelectedRows,UInt64,108,,,443961,6597816,4224,,0,0,0,0,
system,metric_log,ProfileEvent_SelectedBytes,UInt64,109,,,515961,6597816,4224,,0,0,0,0,
system,metric_log,ProfileEvent_Merge,UInt64,110,,,259098,6597816,4224,,0,0,0,0,
system,metric_log,ProfileEvent_MergedRows,UInt64,111,,,368235,6597816,4224,,0,0,0,0,
system,metric_log,ProfileEvent_MergedUncompressedBytes,UInt64,112,,,449259,6597816,4224,,0,0,0,0,
system,metric_log,ProfileEvent_MergesTimeMilliseconds,UInt64,113,,,325255,6597816,4224,,0,0,0,0,
system,metric_log,ProfileEvent_MergeTreeDataWriterRows,UInt64,114,,,152638,6597816,4224,,0,0,0,0,
system,metric_log,ProfileEvent_MergeTreeDataWriterUncompressedBytes,UInt64,115,,,173305,6597816,4224,,0,0,0,0,
system,metric_log,ProfileEvent_MergeTreeDataWriterCompressedBytes,UInt64,116,,,647095,6597816,4224,,0,0,0,0,
system,metric_log,ProfileEvent_MergeTreeDataWriterBlocks,UInt64,117,,,582500,6597816,4224,,0,0,0,0,
system,metric_log,ProfileEvent_MergeTreeDataWriterBlocksAlreadySorted,UInt64,118,,,570157,6597816,4224,,0,0,0,0,
system,metric_log,ProfileEvent_CannotRemoveEphemeralNode,UInt64,119,,,28828,6597816,4224,,0,0,0,0,
system,metric_log,ProfileEvent_RegexpCreated,UInt64,120,,,29147,6597816,4224,,0,0,0,0,
system,metric_log,ProfileEvent_ContextLock,UInt64,121,,,1251842,6597816,4224,,0,0,0,0,
system,metric_log,ProfileEvent_StorageBufferFlush,UInt64,122,,,28828,6597816,4224,,0,0,0,0,
system,metric_log,ProfileEvent_StorageBufferErrorOnFlush,UInt64,123,,,28828,6597816,4224,,0,0,0,0,
system,metric_log,ProfileEvent_StorageBufferPassedAllMinThresholds,UInt64,124,,,28828,6597816,4224,,0,0,0,0,
system,metric_log,ProfileEvent_StorageBufferPassedTimeMaxThreshold,UInt64,125,,,28828,6597816,4224,,0,0,0,0,
system,metric_log,ProfileEvent_StorageBufferPassedRowsMaxThreshold,UInt64,126,,,28828,6597816,4224,,0,0,0,0,
system,metric_log,ProfileEvent_StorageBufferPassedBytesMaxThreshold,UInt64,127,,,28828,6597816,4224,,0,0,0,0,
system,metric_log,ProfileEvent_DictCacheKeysRequested,UInt64,128,,,28828,6597816,4224,,0,0,0,0,
system,metric_log,ProfileEvent_DictCacheKeysRequestedMiss,UInt64,129,,,28828,6597816,4224,,0,0,0,0,
system,metric_log,ProfileEvent_DictCacheKeysRequestedFound,UInt64,130,,,28828,6597816,4224,,0,0,0,0,
system,metric_log,ProfileEvent_DictCacheKeysExpired,UInt64,131,,,28828,6597816,4224,,0,0,0,0,
system,metric_log,ProfileEvent_DictCacheKeysNotFound,UInt64,132,,,28828,6597816,4224,,0,0,0,0,
system,metric_log,ProfileEvent_DictCacheKeysHit,UInt64,133,,,28828,6597816,4224,,0,0,0,0,
system,metric_log,ProfileEvent_DictCacheRequestTimeNs,UInt64,134,,,28828,6597816,4224,,0,0,0,0,
system,metric_log,ProfileEvent_DictCacheRequests,UInt64,135,,,28828,6597816,4224,,0,0,0,0,
system,metric_log,ProfileEvent_DictCacheLockWriteNs,UInt64,136,,,28828,6597816,4224,,0,0,0,0,
system,metric_log,ProfileEvent_DictCacheLockReadNs,UInt64,137,,,28828,6597816,4224,,0,0,0,0,
system,metric_log,ProfileEvent_DistributedSyncInsertionTimeoutExceeded,UInt64,138,,,28828,6597816,4224,,0,0,0,0,
system,metric_log,ProfileEvent_DataAfterMergeDiffersFromReplica,UInt64,139,,,28828,6597816,4224,,0,0,0,0,
system,metric_log,ProfileEvent_DataAfterMutationDiffersFromReplica,UInt64,140,,,28828,6597816,4224,,0,0,0,0,
system,metric_log,ProfileEvent_PolygonsAddedToPool,UInt64,141,,,28828,6597816,4224,,0,0,0,0,
system,metric_log,ProfileEvent_PolygonsInPoolAllocatedBytes,UInt64,142,,,28828,6597816,4224,,0,0,0,0,
system,metric_log,ProfileEvent_RWLockAcquiredReadLocks,UInt64,143,,,1386922,6597816,4224,,0,0,0,0,
system,metric_log,ProfileEvent_RWLockAcquiredWriteLocks,UInt64,144,,,28954,6597816,4224,,0,0,0,0,
system,metric_log,ProfileEvent_RWLockReadersWaitMilliseconds,UInt64,145,,,33404,6597816,4224,,0,0,0,0,
system,metric_log,ProfileEvent_RWLockWritersWaitMilliseconds,UInt64,146,,,28828,6597816,4224,,0,0,0,0,
system,metric_log,ProfileEvent_DNSError,UInt64,147,,,29236,6597816,4224,,0,0,0,0,
system,metric_log,ProfileEvent_RealTimeMicroseconds,UInt64,148,,,133628,6597816,4224,,0,0,0,0,
system,metric_log,ProfileEvent_UserTimeMicroseconds,UInt64,149,,,128990,6597816,4224,,0,0,0,0,
system,metric_log,ProfileEvent_SystemTimeMicroseconds,UInt64,150,,,120398,6597816,4224,,0,0,0,0,
system,metric_log,ProfileEvent_SoftPageFaults,UInt64,151,,,100114,6597816,4224,,0,0,0,0,
system,metric_log,ProfileEvent_HardPageFaults,UInt64,152,,,28828,6597816,4224,,0,0,0,0,
system,metric_log,ProfileEvent_VoluntaryContextSwitches,UInt64,153,,,28828,6597816,4224,,0,0,0,0,
system,metric_log,ProfileEvent_InvoluntaryContextSwitches,UInt64,154,,,28828,6597816,4224,,0,0,0,0,
system,metric_log,ProfileEvent_OSIOWaitMicroseconds,UInt64,155,,,86424,6597816,4224,,0,0,0,0,
system,metric_log,ProfileEvent_OSCPUWaitMicroseconds,UInt64,156,,,104863,6597816,4224,,0,0,0,0,
system,metric_log,ProfileEvent_OSCPUVirtualTimeMicroseconds,UInt64,157,,,130095,6597816,4224,,0,0,0,0,
system,metric_log,ProfileEvent_OSReadBytes,UInt64,158,,,71464,6597816,4224,,0,0,0,0,
system,metric_log,ProfileEvent_OSWriteBytes,UInt64,159,,,64930,6597816,4224,,0,0,0,0,
system,metric_log,ProfileEvent_OSReadChars,UInt64,160,,,77767,6597816,4224,,0,0,0,0,
system,metric_log,ProfileEvent_OSWriteChars,UInt64,161,,,80314,6597816,4224,,0,0,0,0,
system,metric_log,ProfileEvent_PerfCpuCycles,UInt64,162,,,28828,6597816,4224,,0,0,0,0,
system,metric_log,ProfileEvent_PerfInstructions,UInt64,163,,,28828,6597816,4224,,0,0,0,0,
system,metric_log,ProfileEvent_PerfCacheReferences,UInt64,164,,,28828,6597816,4224,,0,0,0,0,
system,metric_log,ProfileEvent_PerfCacheMisses,UInt64,165,,,28828,6597816,4224,,0,0,0,0,
system,metric_log,ProfileEvent_PerfBranchInstructions,UInt64,166,,,28828,6597816,4224,,0,0,0,0,
system,metric_log,ProfileEvent_PerfBranchMisses,UInt64,167,,,28828,6597816,4224,,0,0,0,0,
system,metric_log,ProfileEvent_PerfBusCycles,UInt64,168,,,28828,6597816,4224,,0,0,0,0,
system,metric_log,ProfileEvent_PerfStalledCyclesFrontend,UInt64,169,,,28828,6597816,4224,,0,0,0,0,
system,metric_log,ProfileEvent_PerfStalledCyclesBackend,UInt64,170,,,28828,6597816,4224,,0,0,0,0,
system,metric_log,ProfileEvent_PerfRefCpuCycles,UInt64,171,,,28828,6597816,4224,,0,0,0,0,
system,metric_log,ProfileEvent_PerfCpuClock,UInt64,172,,,28828,6597816,4224,,0,0,0,0,
system,metric_log,ProfileEvent_PerfTaskClock,UInt64,173,,,28828,6597816,4224,,0,0,0,0,
system,metric_log,ProfileEvent_PerfContextSwitches,UInt64,174,,,28828,6597816,4224,,0,0,0,0,
system,metric_log,ProfileEvent_PerfCpuMigrations,UInt64,175,,,28828,6597816,4224,,0,0,0,0,
system,metric_log,ProfileEvent_PerfAlignmentFaults,UInt64,176,,,28828,6597816,4224,,0,0,0,0,
system,metric_log,ProfileEvent_PerfEmulationFaults,UInt64,177,,,28828,6597816,4224,,0,0,0,0,
system,metric_log,ProfileEvent_PerfMinEnabledTime,UInt64,178,,,28828,6597816,4224,,0,0,0,0,
system,metric_log,ProfileEvent_PerfMinEnabledRunningTime,UInt64,179,,,28828,6597816,4224,,0,0,0,0,
system,metric_log,ProfileEvent_PerfDataTLBReferences,UInt64,180,,,28828,6597816,4224,,0,0,0,0,
system,metric_log,ProfileEvent_PerfDataTLBMisses,UInt64,181,,,28828,6597816,4224,,0,0,0,0,
system,metric_log,ProfileEvent_PerfInstructionTLBReferences,UInt64,182,,,28828,6597816,4224,,0,0,0,0,
system,metric_log,ProfileEvent_PerfInstructionTLBMisses,UInt64,183,,,28828,6597816,4224,,0,0,0,0,
system,metric_log,ProfileEvent_PerfLocalMemoryReferences,UInt64,184,,,28828,6597816,4224,,0,0,0,0,
system,metric_log,ProfileEvent_PerfLocalMemoryMisses,UInt64,185,,,28828,6597816,4224,,0,0,0,0,
system,metric_log,ProfileEvent_CreatedHTTPConnections,UInt64,186,,,28828,6597816,4224,,0,0,0,0,
system,metric_log,ProfileEvent_CannotWriteToWriteBufferDiscard,UInt64,187,,,28828,6597816,4224,,0,0,0,0,
system,metric_log,ProfileEvent_QueryProfilerSignalOverruns,UInt64,188,,,28828,6597816,4224,,0,0,0,0,
system,metric_log,ProfileEvent_CreatedLogEntryForMerge,UInt64,189,,,28828,6597816,4224,,0,0,0,0,
system,metric_log,ProfileEvent_NotCreatedLogEntryForMerge,UInt64,190,,,28828,6597816,4224,,0,0,0,0,
system,metric_log,ProfileEvent_CreatedLogEntryForMutation,UInt64,191,,,28828,6597816,4224,,0,0,0,0,
system,metric_log,ProfileEvent_NotCreatedLogEntryForMutation,UInt64,192,,,28828,6597816,4224,,0,0,0,0,
system,metric_log,ProfileEvent_S3ReadMicroseconds,UInt64,193,,,28828,6597816,4224,,0,0,0,0,
system,metric_log,ProfileEvent_S3ReadBytes,UInt64,194,,,28828,6597816,4224,,0,0,0,0,
system,metric_log,ProfileEvent_S3ReadRequestsCount,UInt64,195,,,28828,6597816,4224,,0,0,0,0,
system,metric_log,ProfileEvent_S3ReadRequestsErrors,UInt64,196,,,28828,6597816,4224,,0,0,0,0,
system,metric_log,ProfileEvent_S3ReadRequestsThrottling,UInt64,197,,,28828,6597816,4224,,0,0,0,0,
system,metric_log,ProfileEvent_S3ReadRequestsRedirects,UInt64,198,,,28828,6597816,4224,,0,0,0,0,
system,metric_log,ProfileEvent_S3WriteMicroseconds,UInt64,199,,,28828,6597816,4224,,0,0,0,0,
system,metric_log,ProfileEvent_S3WriteBytes,UInt64,200,,,28828,6597816,4224,,0,0,0,0,
system,metric_log,ProfileEvent_S3WriteRequestsCount,UInt64,201,,,28828,6597816,4224,,0,0,0,0,
system,metric_log,ProfileEvent_S3WriteRequestsErrors,UInt64,202,,,28828,6597816,4224,,0,0,0,0,
system,metric_log,ProfileEvent_S3WriteRequestsThrottling,UInt64,203,,,28828,6597816,4224,,0,0,0,0,
system,metric_log,ProfileEvent_S3WriteRequestsRedirects,UInt64,204,,,28828,6597816,4224,,0,0,0,0,
system,metric_log,CurrentMetric_Query,Int64,205,,,35650,6597816,4224,,0,0,0,0,
system,metric_log,CurrentMetric_Merge,Int64,206,,,48754,6597816,4224,,0,0,0,0,
system,metric_log,CurrentMetric_PartMutation,Int64,207,,,28828,6597816,4224,,0,0,0,0,
system,metric_log,CurrentMetric_ReplicatedFetch,Int64,208,,,28828,6597816,4224,,0,0,0,0,
system,metric_log,CurrentMetric_ReplicatedSend,Int64,209,,,28828,6597816,4224,,0,0,0,0,
system,metric_log,CurrentMetric_ReplicatedChecks,Int64,210,,,28828,6597816,4224,,0,0,0,0,
system,metric_log,CurrentMetric_BackgroundPoolTask,Int64,211,,,54000,6597816,4224,,0,0,0,0,
system,metric_log,CurrentMetric_BackgroundMovePoolTask,Int64,212,,,28828,6597816,4224,,0,0,0,0,
system,metric_log,CurrentMetric_BackgroundSchedulePoolTask,Int64,213,,,29093,6597816,4224,,0,0,0,0,
system,metric_log,CurrentMetric_BackgroundBufferFlushSchedulePoolTask,Int64,214,,,28828,6597816,4224,,0,0,0,0,
system,metric_log,CurrentMetric_BackgroundDistributedSchedulePoolTask,Int64,215,,,28828,6597816,4224,,0,0,0,0,
system,metric_log,CurrentMetric_BackgroundMessageBrokerSchedulePoolTask,Int64,216,,,28828,6597816,4224,,0,0,0,0,
system,metric_log,CurrentMetric_CacheDictionaryUpdateQueueBatches,Int64,217,,,28828,6597816,4224,,0,0,0,0,
system,metric_log,CurrentMetric_CacheDictionaryUpdateQueueKeys,Int64,218,,,28828,6597816,4224,,0,0,0,0,
system,metric_log,CurrentMetric_DiskSpaceReservedForMerge,Int64,219,,,86020,6597816,4224,,0,0,0,0,
system,metric_log,CurrentMetric_DistributedSend,Int64,220,,,28828,6597816,4224,,0,0,0,0,
system,metric_log,CurrentMetric_QueryPreempted,Int64,221,,,28828,6597816,4224,,0,0,0,0,
system,metric_log,CurrentMetric_TCPConnection,Int64,222,,,29691,6597816,4224,,0,0,0,0,
system,metric_log,CurrentMetric_MySQLConnection,Int64,223,,,28828,6597816,4224,,0,0,0,0,
system,metric_log,CurrentMetric_HTTPConnection,Int64,224,,,41895,6597816,4224,,0,0,0,0,
system,metric_log,CurrentMetric_InterserverConnection,Int64,225,,,28828,6597816,4224,,0,0,0,0,
system,metric_log,CurrentMetric_PostgreSQLConnection,Int64,226,,,28828,6597816,4224,,0,0,0,0,
system,metric_log,CurrentMetric_OpenFileForRead,Int64,227,,,65352,6597816,4224,,0,0,0,0,
system,metric_log,CurrentMetric_OpenFileForWrite,Int64,228,,,58220,6597816,4224,,0,0,0,0,
system,metric_log,CurrentMetric_Read,Int64,229,,,49513,6597816,4224,,0,0,0,0,
system,metric_log,CurrentMetric_Write,Int64,230,,,32663,6597816,4224,,0,0,0,0,
system,metric_log,CurrentMetric_SendScalars,Int64,231,,,28828,6597816,4224,,0,0,0,0,
system,metric_log,CurrentMetric_SendExternalTables,Int64,232,,,28828,6597816,4224,,0,0,0,0,
system,metric_log,CurrentMetric_QueryThread,Int64,233,,,29925,6597816,4224,,0,0,0,0,
system,metric_log,CurrentMetric_ReadonlyReplica,Int64,234,,,28828,6597816,4224,,0,0,0,0,
system,metric_log,CurrentMetric_MemoryTracking,Int64,235,,,478557,6597816,4224,,0,0,0,0,
system,metric_log,CurrentMetric_MemoryTrackingInBackgroundProcessingPool,Int64,236,,,437481,6597816,4224,,0,0,0,0,
system,metric_log,CurrentMetric_MemoryTrackingInBackgroundMoveProcessingPool,Int64,237,,,28828,6597816,4224,,0,0,0,0,
system,metric_log,CurrentMetric_MemoryTrackingInBackgroundSchedulePool,Int64,238,,,28828,6597816,4224,,0,0,0,0,
system,metric_log,CurrentMetric_MemoryTrackingInBackgroundBufferFlushSchedulePool,Int64,239,,,28828,6597816,4224,,0,0,0,0,
system,metric_log,CurrentMetric_MemoryTrackingInBackgroundDistributedSchedulePool,Int64,240,,,28828,6597816,4224,,0,0,0,0,
system,metric_log,CurrentMetric_MemoryTrackingInBackgroundMessageBrokerSchedulePool,Int64,241,,,28828,6597816,4224,,0,0,0,0,
system,metric_log,CurrentMetric_MemoryTrackingForMerges,Int64,242,,,289377,6597816,4224,,0,0,0,0,
system,metric_log,CurrentMetric_EphemeralNode,Int64,243,,,28828,6597816,4224,,0,0,0,0,
system,metric_log,CurrentMetric_ZooKeeperSession,Int64,244,,,28828,6597816,4224,,0,0,0,0,
system,metric_log,CurrentMetric_ZooKeeperWatch,Int64,245,,,28828,6597816,4224,,0,0,0,0,
system,metric_log,CurrentMetric_ZooKeeperRequest,Int64,246,,,28828,6597816,4224,,0,0,0,0,
system,metric_log,CurrentMetric_DelayedInserts,Int64,247,,,28828,6597816,4224,,0,0,0,0,
system,metric_log,CurrentMetric_ContextLockWait,Int64,248,,,28836,6597816,4224,,0,0,0,0,
system,metric_log,CurrentMetric_StorageBufferRows,Int64,249,,,28828,6597816,4224,,0,0,0,0,
system,metric_log,CurrentMetric_StorageBufferBytes,Int64,250,,,28828,6597816,4224,,0,0,0,0,
system,metric_log,CurrentMetric_DictCacheRequests,Int64,251,,,28828,6597816,4224,,0,0,0,0,
system,metric_log,CurrentMetric_Revision,Int64,252,,,29243,6597816,4224,,0,0,0,0,
system,metric_log,CurrentMetric_VersionInteger,Int64,253,,,29409,6597816,4224,,0,0,0,0,
system,metric_log,CurrentMetric_RWLockWaitingReaders,Int64,254,,,29044,6597816,4224,,0,0,0,0,
system,metric_log,CurrentMetric_RWLockWaitingWriters,Int64,255,,,28828,6597816,4224,,0,0,0,0,
system,metric_log,CurrentMetric_RWLockActiveReaders,Int64,256,,,63367,6597816,4224,,0,0,0,0,
system,metric_log,CurrentMetric_RWLockActiveWriters,Int64,257,,,28842,6597816,4224,,0,0,0,0,
system,metric_log,CurrentMetric_GlobalThread,Int64,258,,,29630,6597816,4224,,0,0,0,0,
system,metric_log,CurrentMetric_GlobalThreadActive,Int64,259,,,30787,6597816,4224,,0,0,0,0,
system,metric_log,CurrentMetric_LocalThread,Int64,260,,,29050,6597816,4224,,0,0,0,0,
system,metric_log,CurrentMetric_LocalThreadActive,Int64,261,,,29050,6597816,4224,,0,0,0,0,
system,metric_log,CurrentMetric_DistributedFilesToInsert,Int64,262,,,28828,6597816,4224,,0,0,0,0,
system,metrics,metric,String,1,,,0,0,0,,0,0,0,0,
system,metrics,value,Int64,2,,,0,0,0,,0,0,0,0,
system,metrics,description,String,3,,,0,0,0,,0,0,0,0,
system,models,name,String,1,,,0,0,0,,0,0,0,0,
system,models,status,"Enum8('NOT_LOADED' = 0, 'LOADED' = 1, 'FAILED' = 2, 'LOADING' = 3, 'FAILED_AND_RELOADING' = 4, 'LOADED_AND_RELOADING' = 5, 'NOT_EXIST' = 6)",2,,,0,0,0,,0,0,0,0,
system,models,origin,String,3,,,0,0,0,,0,0,0,0,
system,models,type,String,4,,,0,0,0,,0,0,0,0,
system,models,loading_start_time,DateTime,5,,,0,0,0,,0,0,0,0,
system,models,loading_duration,Float32,6,,,0,0,0,,0,0,0,0,
system,models,last_exception,String,7,,,0,0,0,,0,0,0,0,
system,mutations,database,String,1,,,0,0,0,,0,0,0,0,
system,mutations,table,String,2,,,0,0,0,,0,0,0,0,
system,mutations,mutation_id,String,3,,,0,0,0,,0,0,0,0,
system,mutations,command,String,4,,,0,0,0,,0,0,0,0,
system,mutations,create_time,DateTime,5,,,0,0,0,,0,0,0,0,
system,mutations,block_numbers.partition_id,Array(String),6,,,0,0,0,,0,0,0,0,
system,mutations,block_numbers.number,Array(Int64),7,,,0,0,0,,0,0,0,0,
system,mutations,parts_to_do_names,Array(String),8,,,0,0,0,,0,0,0,0,
system,mutations,parts_to_do,Int64,9,,,0,0,0,,0,0,0,0,
system,mutations,is_done,UInt8,10,,,0,0,0,,0,0,0,0,
system,mutations,latest_failed_part,String,11,,,0,0,0,,0,0,0,0,
system,mutations,latest_fail_time,DateTime,12,,,0,0,0,,0,0,0,0,
system,mutations,latest_fail_reason,String,13,,,0,0,0,,0,0,0,0,
system,numbers,number,UInt64,1,,,0,0,0,,0,0,0,0,
system,numbers_mt,number,UInt64,1,,,0,0,0,,0,0,0,0,
system,one,dummy,UInt8,1,,,0,0,0,,0,0,0,0,
system,parts,partition,String,1,,,0,0,0,,0,0,0,0,
system,parts,name,String,2,,,0,0,0,,0,0,0,0,
system,parts,part_type,String,3,,,0,0,0,,0,0,0,0,
system,parts,active,UInt8,4,,,0,0,0,,0,0,0,0,
system,parts,marks,UInt64,5,,,0,0,0,,0,0,0,0,
system,parts,rows,UInt64,6,,,0,0,0,,0,0,0,0,
system,parts,bytes_on_disk,UInt64,7,,,0,0,0,,0,0,0,0,
system,parts,data_compressed_bytes,UInt64,8,,,0,0,0,,0,0,0,0,
system,parts,data_uncompressed_bytes,UInt64,9,,,0,0,0,,0,0,0,0,
system,parts,marks_bytes,UInt64,10,,,0,0,0,,0,0,0,0,
system,parts,modification_time,DateTime,11,,,0,0,0,,0,0,0,0,
system,parts,remove_time,DateTime,12,,,0,0,0,,0,0,0,0,
system,parts,refcount,UInt32,13,,,0,0,0,,0,0,0,0,
system,parts,min_date,Date,14,,,0,0,0,,0,0,0,0,
system,parts,max_date,Date,15,,,0,0,0,,0,0,0,0,
system,parts,min_time,DateTime,16,,,0,0,0,,0,0,0,0,
system,parts,max_time,DateTime,17,,,0,0,0,,0,0,0,0,
system,parts,partition_id,String,18,,,0,0,0,,0,0,0,0,
system,parts,min_block_number,Int64,19,,,0,0,0,,0,0,0,0,
system,parts,max_block_number,Int64,20,,,0,0,0,,0,0,0,0,
system,parts,level,UInt32,21,,,0,0,0,,0,0,0,0,
system,parts,data_version,UInt64,22,,,0,0,0,,0,0,0,0,
system,parts,primary_key_bytes_in_memory,UInt64,23,,,0,0,0,,0,0,0,0,
system,parts,primary_key_bytes_in_memory_allocated,UInt64,24,,,0,0,0,,0,0,0,0,
system,parts,is_frozen,UInt8,25,,,0,0,0,,0,0,0,0,
system,parts,database,String,26,,,0,0,0,,0,0,0,0,
system,parts,table,String,27,,,0,0,0,,0,0,0,0,
system,parts,self,String,28,,,0,0,0,,0,0,0,0,
system,parts,disk_name,String,29,,,0,0,0,,0,0,0,0,
system,parts,path,String,30,,,0,0,0,,0,0,0,0,
system,parts,hash_of_all_files,String,31,,,0,0,0,,0,0,0,0,
system,parts,hash_of_uncompressed_files,String,32,,,0,0,0,,0,0,0,0,
system,parts,uncompressed_hash_of_compressed_files,String,33,,,0,0,0,,0,0,0,0,
system,parts,delete_ttl_info_min,DateTime,34,,,0,0,0,,0,0,0,0,
system,parts,delete_ttl_info_max,DateTime,35,,,0,0,0,,0,0,0,0,
system,parts,move_ttl_info.expression,Array(String),36,,,0,0,0,,0,0,0,0,
system,parts,move_ttl_info.min,Array(DateTime),37,,,0,0,0,,0,0,0,0,
system,parts,move_ttl_info.max,Array(DateTime),38,,,0,0,0,,0,0,0,0,
system,parts,default_compression_codec,String,39,,,0,0,0,,0,0,0,0,
system,parts,bytes,UInt64,40,ALIAS,bytes_on_disk,0,0,0,,0,0,0,0,
system,parts,marks_size,UInt64,41,ALIAS,marks_bytes,0,0,0,,0,0,0,0,
system,parts_columns,partition,String,1,,,0,0,0,,0,0,0,0,
system,parts_columns,name,String,2,,,0,0,0,,0,0,0,0,
system,parts_columns,part_type,String,3,,,0,0,0,,0,0,0,0,
system,parts_columns,active,UInt8,4,,,0,0,0,,0,0,0,0,
system,parts_columns,marks,UInt64,5,,,0,0,0,,0,0,0,0,
system,parts_columns,rows,UInt64,6,,,0,0,0,,0,0,0,0,
system,parts_columns,bytes_on_disk,UInt64,7,,,0,0,0,,0,0,0,0,
system,parts_columns,data_compressed_bytes,UInt64,8,,,0,0,0,,0,0,0,0,
system,parts_columns,data_uncompressed_bytes,UInt64,9,,,0,0,0,,0,0,0,0,
system,parts_columns,marks_bytes,UInt64,10,,,0,0,0,,0,0,0,0,
system,parts_columns,modification_time,DateTime,11,,,0,0,0,,0,0,0,0,
system,parts_columns,remove_time,DateTime,12,,,0,0,0,,0,0,0,0,
system,parts_columns,refcount,UInt32,13,,,0,0,0,,0,0,0,0,
system,parts_columns,min_date,Date,14,,,0,0,0,,0,0,0,0,
system,parts_columns,max_date,Date,15,,,0,0,0,,0,0,0,0,
system,parts_columns,partition_id,String,16,,,0,0,0,,0,0,0,0,
system,parts_columns,min_block_number,Int64,17,,,0,0,0,,0,0,0,0,
system,parts_columns,max_block_number,Int64,18,,,0,0,0,,0,0,0,0,
system,parts_columns,level,UInt32,19,,,0,0,0,,0,0,0,0,
system,parts_columns,data_version,UInt64,20,,,0,0,0,,0,0,0,0,
system,parts_columns,primary_key_bytes_in_memory,UInt64,21,,,0,0,0,,0,0,0,0,
system,parts_columns,primary_key_bytes_in_memory_allocated,UInt64,22,,,0,0,0,,0,0,0,0,
system,parts_columns,database,String,23,,,0,0,0,,0,0,0,0,
system,parts_columns,table,String,24,,,0,0,0,,0,0,0,0,
system,parts_columns,self,String,25,,,0,0,0,,0,0,0,0,
system,parts_columns,disk_name,String,26,,,0,0,0,,0,0,0,0,
system,parts_columns,path,String,27,,,0,0,0,,0,0,0,0,
system,parts_columns,column,String,28,,,0,0,0,,0,0,0,0,
system,parts_columns,type,String,29,,,0,0,0,,0,0,0,0,
system,parts_columns,column_position,UInt64,30,,,0,0,0,,0,0,0,0,
system,parts_columns,default_kind,String,31,,,0,0,0,,0,0,0,0,
system,parts_columns,default_expression,String,32,,,0,0,0,,0,0,0,0,
system,parts_columns,column_bytes_on_disk,UInt64,33,,,0,0,0,,0,0,0,0,
system,parts_columns,column_data_compressed_bytes,UInt64,34,,,0,0,0,,0,0,0,0,
system,parts_columns,column_data_uncompressed_bytes,UInt64,35,,,0,0,0,,0,0,0,0,
system,parts_columns,column_marks_bytes,UInt64,36,,,0,0,0,,0,0,0,0,
system,parts_columns,bytes,UInt64,37,ALIAS,bytes_on_disk,0,0,0,,0,0,0,0,
system,parts_columns,marks_size,UInt64,38,ALIAS,marks_bytes,0,0,0,,0,0,0,0,
system,privileges,privilege,"Enum8('SHOW DATABASES' = 0, 'SHOW TABLES' = 1, 'SHOW COLUMNS' = 2, 'SHOW DICTIONARIES' = 3, 'SHOW' = 4, 'SELECT' = 5, 'INSERT' = 6, 'ALTER UPDATE' = 7, 'ALTER DELETE' = 8, 'ALTER ADD COLUMN' = 9, 'ALTER MODIFY COLUMN' = 10, 'ALTER DROP COLUMN' = 11, 'ALTER COMMENT COLUMN' = 12, 'ALTER CLEAR COLUMN' = 13, 'ALTER RENAME COLUMN' = 14, 'ALTER COLUMN' = 15, 'ALTER ORDER BY' = 16, 'ALTER SAMPLE BY' = 17, 'ALTER ADD INDEX' = 18, 'ALTER DROP INDEX' = 19, 'ALTER MATERIALIZE INDEX' = 20, 'ALTER CLEAR INDEX' = 21, 'ALTER INDEX' = 22, 'ALTER ADD CONSTRAINT' = 23, 'ALTER DROP CONSTRAINT' = 24, 'ALTER CONSTRAINT' = 25, 'ALTER TTL' = 26, 'ALTER MATERIALIZE TTL' = 27, 'ALTER SETTINGS' = 28, 'ALTER MOVE PARTITION' = 29, 'ALTER FETCH PARTITION' = 30, 'ALTER FREEZE PARTITION' = 31, 'ALTER TABLE' = 32, 'ALTER VIEW REFRESH' = 33, 'ALTER VIEW MODIFY QUERY' = 34, 'ALTER VIEW' = 35, 'ALTER' = 36, 'CREATE DATABASE' = 37, 'CREATE TABLE' = 38, 'CREATE VIEW' = 39, 'CREATE DICTIONARY' = 40, 'CREATE TEMPORARY TABLE' = 41, 'CREATE' = 42, 'DROP DATABASE' = 43, 'DROP TABLE' = 44, 'DROP VIEW' = 45, 'DROP DICTIONARY' = 46, 'DROP' = 47, 'TRUNCATE' = 48, 'OPTIMIZE' = 49, 'KILL QUERY' = 50, 'CREATE USER' = 51, 'ALTER USER' = 52, 'DROP USER' = 53, 'CREATE ROLE' = 54, 'ALTER ROLE' = 55, 'DROP ROLE' = 56, 'ROLE ADMIN' = 57, 'CREATE ROW POLICY' = 58, 'ALTER ROW POLICY' = 59, 'DROP ROW POLICY' = 60, 'CREATE QUOTA' = 61, 'ALTER QUOTA' = 62, 'DROP QUOTA' = 63, 'CREATE SETTINGS PROFILE' = 64, 'ALTER SETTINGS PROFILE' = 65, 'DROP SETTINGS PROFILE' = 66, 'SHOW USERS' = 67, 'SHOW ROLES' = 68, 'SHOW ROW POLICIES' = 69, 'SHOW QUOTAS' = 70, 'SHOW SETTINGS PROFILES' = 71, 'SHOW ACCESS' = 72, 'ACCESS MANAGEMENT' = 73, 'SYSTEM SHUTDOWN' = 74, 'SYSTEM DROP DNS CACHE' = 75, 'SYSTEM DROP MARK CACHE' = 76, 'SYSTEM DROP UNCOMPRESSED CACHE' = 77, 'SYSTEM DROP COMPILED EXPRESSION CACHE' = 78, 'SYSTEM DROP CACHE' = 79, 'SYSTEM RELOAD CONFIG' = 80, 'SYSTEM RELOAD DICTIONARY' = 81, 'SYSTEM RELOAD EMBEDDED DICTIONARIES' = 82, 'SYSTEM RELOAD' = 83, 'SYSTEM MERGES' = 84, 'SYSTEM TTL MERGES' = 85, 'SYSTEM FETCHES' = 86, 'SYSTEM MOVES' = 87, 'SYSTEM DISTRIBUTED SENDS' = 88, 'SYSTEM REPLICATED SENDS' = 89, 'SYSTEM SENDS' = 90, 'SYSTEM REPLICATION QUEUES' = 91, 'SYSTEM DROP REPLICA' = 92, 'SYSTEM SYNC REPLICA' = 93, 'SYSTEM RESTART REPLICA' = 94, 'SYSTEM FLUSH DISTRIBUTED' = 95, 'SYSTEM FLUSH LOGS' = 96, 'SYSTEM FLUSH' = 97, 'SYSTEM' = 98, 'dictGet' = 99, 'addressToLine' = 100, 'addressToSymbol' = 101, 'demangle' = 102, 'INTROSPECTION' = 103, 'FILE' = 104, 'URL' = 105, 'REMOTE' = 106, 'MONGO' = 107, 'MYSQL' = 108, 'ODBC' = 109, 'JDBC' = 110, 'HDFS' = 111, 'S3' = 112, 'SOURCES' = 113, 'ALL' = 114, 'NONE' = 115)",1,,,0,0,0,,0,0,0,0,
system,privileges,aliases,Array(String),2,,,0,0,0,,0,0,0,0,
system,privileges,level,"Nullable(Enum8('GLOBAL' = 0, 'DATABASE' = 1, 'TABLE' = 2, 'DICTIONARY' = 3, 'VIEW' = 4, 'COLUMN' = 5))",3,,,0,0,0,,0,0,0,0,
system,privileges,parent_group,"Nullable(Enum8('SHOW DATABASES' = 0, 'SHOW TABLES' = 1, 'SHOW COLUMNS' = 2, 'SHOW DICTIONARIES' = 3, 'SHOW' = 4, 'SELECT' = 5, 'INSERT' = 6, 'ALTER UPDATE' = 7, 'ALTER DELETE' = 8, 'ALTER ADD COLUMN' = 9, 'ALTER MODIFY COLUMN' = 10, 'ALTER DROP COLUMN' = 11, 'ALTER COMMENT COLUMN' = 12, 'ALTER CLEAR COLUMN' = 13, 'ALTER RENAME COLUMN' = 14, 'ALTER COLUMN' = 15, 'ALTER ORDER BY' = 16, 'ALTER SAMPLE BY' = 17, 'ALTER ADD INDEX' = 18, 'ALTER DROP INDEX' = 19, 'ALTER MATERIALIZE INDEX' = 20, 'ALTER CLEAR INDEX' = 21, 'ALTER INDEX' = 22, 'ALTER ADD CONSTRAINT' = 23, 'ALTER DROP CONSTRAINT' = 24, 'ALTER CONSTRAINT' = 25, 'ALTER TTL' = 26, 'ALTER MATERIALIZE TTL' = 27, 'ALTER SETTINGS' = 28, 'ALTER MOVE PARTITION' = 29, 'ALTER FETCH PARTITION' = 30, 'ALTER FREEZE PARTITION' = 31, 'ALTER TABLE' = 32, 'ALTER VIEW REFRESH' = 33, 'ALTER VIEW MODIFY QUERY' = 34, 'ALTER VIEW' = 35, 'ALTER' = 36, 'CREATE DATABASE' = 37, 'CREATE TABLE' = 38, 'CREATE VIEW' = 39, 'CREATE DICTIONARY' = 40, 'CREATE TEMPORARY TABLE' = 41, 'CREATE' = 42, 'DROP DATABASE' = 43, 'DROP TABLE' = 44, 'DROP VIEW' = 45, 'DROP DICTIONARY' = 46, 'DROP' = 47, 'TRUNCATE' = 48, 'OPTIMIZE' = 49, 'KILL QUERY' = 50, 'CREATE USER' = 51, 'ALTER USER' = 52, 'DROP USER' = 53, 'CREATE ROLE' = 54, 'ALTER ROLE' = 55, 'DROP ROLE' = 56, 'ROLE ADMIN' = 57, 'CREATE ROW POLICY' = 58, 'ALTER ROW POLICY' = 59, 'DROP ROW POLICY' = 60, 'CREATE QUOTA' = 61, 'ALTER QUOTA' = 62, 'DROP QUOTA' = 63, 'CREATE SETTINGS PROFILE' = 64, 'ALTER SETTINGS PROFILE' = 65, 'DROP SETTINGS PROFILE' = 66, 'SHOW USERS' = 67, 'SHOW ROLES' = 68, 'SHOW ROW POLICIES' = 69, 'SHOW QUOTAS' = 70, 'SHOW SETTINGS PROFILES' = 71, 'SHOW ACCESS' = 72, 'ACCESS MANAGEMENT' = 73, 'SYSTEM SHUTDOWN' = 74, 'SYSTEM DROP DNS CACHE' = 75, 'SYSTEM DROP MARK CACHE' = 76, 'SYSTEM DROP UNCOMPRESSED CACHE' = 77, 'SYSTEM DROP COMPILED EXPRESSION CACHE' = 78, 'SYSTEM DROP CACHE' = 79, 'SYSTEM RELOAD CONFIG' = 80, 'SYSTEM RELOAD DICTIONARY' = 81, 'SYSTEM RELOAD EMBEDDED DICTIONARIES' = 82, 'SYSTEM RELOAD' = 83, 'SYSTEM MERGES' = 84, 'SYSTEM TTL MERGES' = 85, 'SYSTEM FETCHES' = 86, 'SYSTEM MOVES' = 87, 'SYSTEM DISTRIBUTED SENDS' = 88, 'SYSTEM REPLICATED SENDS' = 89, 'SYSTEM SENDS' = 90, 'SYSTEM REPLICATION QUEUES' = 91, 'SYSTEM DROP REPLICA' = 92, 'SYSTEM SYNC REPLICA' = 93, 'SYSTEM RESTART REPLICA' = 94, 'SYSTEM FLUSH DISTRIBUTED' = 95, 'SYSTEM FLUSH LOGS' = 96, 'SYSTEM FLUSH' = 97, 'SYSTEM' = 98, 'dictGet' = 99, 'addressToLine' = 100, 'addressToSymbol' = 101, 'demangle' = 102, 'INTROSPECTION' = 103, 'FILE' = 104, 'URL' = 105, 'REMOTE' = 106, 'MONGO' = 107, 'MYSQL' = 108, 'ODBC' = 109, 'JDBC' = 110, 'HDFS' = 111, 'S3' = 112, 'SOURCES' = 113, 'ALL' = 114, 'NONE' = 115))",4,,,0,0,0,,0,0,0,0,
system,processes,is_initial_query,UInt8,1,,,0,0,0,,0,0,0,0,
system,processes,user,String,2,,,0,0,0,,0,0,0,0,
system,processes,query_id,String,3,,,0,0,0,,0,0,0,0,
system,processes,address,IPv6,4,,,0,0,0,,0,0,0,0,
system,processes,port,UInt16,5,,,0,0,0,,0,0,0,0,
system,processes,initial_user,String,6,,,0,0,0,,0,0,0,0,
system,processes,initial_query_id,String,7,,,0,0,0,,0,0,0,0,
system,processes,initial_address,IPv6,8,,,0,0,0,,0,0,0,0,
system,processes,initial_port,UInt16,9,,,0,0,0,,0,0,0,0,
system,processes,interface,UInt8,10,,,0,0,0,,0,0,0,0,
system,processes,os_user,String,11,,,0,0,0,,0,0,0,0,
system,processes,client_hostname,String,12,,,0,0,0,,0,0,0,0,
system,processes,client_name,String,13,,,0,0,0,,0,0,0,0,
system,processes,client_revision,UInt64,14,,,0,0,0,,0,0,0,0,
system,processes,client_version_major,UInt64,15,,,0,0,0,,0,0,0,0,
system,processes,client_version_minor,UInt64,16,,,0,0,0,,0,0,0,0,
system,processes,client_version_patch,UInt64,17,,,0,0,0,,0,0,0,0,
system,processes,http_method,UInt8,18,,,0,0,0,,0,0,0,0,
system,processes,http_user_agent,String,19,,,0,0,0,,0,0,0,0,
system,processes,quota_key,String,20,,,0,0,0,,0,0,0,0,
system,processes,elapsed,Float64,21,,,0,0,0,,0,0,0,0,
system,processes,is_cancelled,UInt8,22,,,0,0,0,,0,0,0,0,
system,processes,read_rows,UInt64,23,,,0,0,0,,0,0,0,0,
system,processes,read_bytes,UInt64,24,,,0,0,0,,0,0,0,0,
system,processes,total_rows_approx,UInt64,25,,,0,0,0,,0,0,0,0,
system,processes,written_rows,UInt64,26,,,0,0,0,,0,0,0,0,
system,processes,written_bytes,UInt64,27,,,0,0,0,,0,0,0,0,
system,processes,memory_usage,Int64,28,,,0,0,0,,0,0,0,0,
system,processes,peak_memory_usage,Int64,29,,,0,0,0,,0,0,0,0,
system,processes,query,String,30,,,0,0,0,,0,0,0,0,
system,processes,thread_ids,Array(UInt64),31,,,0,0,0,,0,0,0,0,
system,processes,ProfileEvents.Names,Array(String),32,,,0,0,0,,0,0,0,0,
system,processes,ProfileEvents.Values,Array(UInt64),33,,,0,0,0,,0,0,0,0,
system,processes,Settings.Names,Array(String),34,,,0,0,0,,0,0,0,0,
system,processes,Settings.Values,Array(String),35,,,0,0,0,,0,0,0,0,
system,query_log,type,"Enum8('QueryStart' = 1, 'QueryFinish' = 2, 'ExceptionBeforeStart' = 3, 'ExceptionWhileProcessing' = 4)",1,,,2609,40477,144,,0,0,0,0,
system,query_log,event_date,Date,2,,,425,80954,144,,1,1,1,0,
system,query_log,event_time,DateTime,3,,,39090,161908,144,,0,1,1,0,
system,query_log,query_start_time,DateTime,4,,,36241,161908,144,,0,0,0,0,
system,query_log,query_duration_ms,UInt64,5,,,35785,323816,144,,0,0,0,0,
system,query_log,read_rows,UInt64,6,,,25914,323816,144,,0,0,0,0,
system,query_log,read_bytes,UInt64,7,,,19882,323816,144,,0,0,0,0,
system,query_log,written_rows,UInt64,8,,,7716,323816,144,,0,0,0,0,
system,query_log,written_bytes,UInt64,9,,,26894,323816,144,,0,0,0,0,
system,query_log,result_rows,UInt64,10,,,28287,323816,144,,0,0,0,0,
system,query_log,result_bytes,UInt64,11,,,40040,323816,144,,0,0,0,0,
system,query_log,memory_usage,UInt64,12,,,20122,323816,144,,0,0,0,0,
system,query_log,current_database,String,13,,,4742,301466,144,,0,0,0,0,
system,query_log,query,String,14,,,205263,7628185,144,,0,0,0,0,
system,query_log,exception_code,Int32,15,,,2163,161908,144,,0,0,0,0,
system,query_log,exception,String,16,,,11505,131239,144,,0,0,0,0,
system,query_log,stack_trace,String,17,,,38988,1353252,144,,0,0,0,0,
system,query_log,is_initial_query,UInt8,18,,,209,40477,144,,0,0,0,0,
system,query_log,user,String,19,,,1480,323816,144,,0,0,0,0,
system,query_log,query_id,String,20,,,821620,1497649,144,,0,0,0,0,
system,query_log,address,IPv6,21,,,7289,647632,144,,0,0,0,0,
system,query_log,port,UInt16,22,,,12873,80954,144,,0,0,0,0,
system,query_log,initial_user,String,23,,,1480,323816,144,,0,0,0,0,
system,query_log,initial_query_id,String,24,,,821415,1497649,144,,0,0,0,0,
system,query_log,initial_address,IPv6,25,,,7256,647632,144,,0,0,0,0,
system,query_log,initial_port,UInt16,26,,,12841,80954,144,,0,0,0,0,
system,query_log,interface,UInt8,27,,,1569,40477,144,,0,0,0,0,
system,query_log,os_user,String,28,,,2576,57256,144,,0,0,0,0,
system,query_log,client_hostname,String,29,,,2891,105190,144,,0,0,0,0,
system,query_log,client_name,String,30,,,2595,54826,144,,0,0,0,0,
system,query_log,client_revision,UInt32,31,,,2912,161908,144,,0,0,0,0,
system,query_log,client_version_major,UInt32,32,,,2910,161908,144,,0,0,0,0,
system,query_log,client_version_minor,UInt32,33,,,2910,161908,144,,0,0,0,0,
system,query_log,client_version_patch,UInt32,34,,,2973,161908,144,,0,0,0,0,
system,query_log,http_method,UInt8,35,,,1558,40477,144,,0,0,0,0,
system,query_log,http_user_agent,String,36,,,8183,1239249,144,,0,0,0,0,
system,query_log,quota_key,String,37,,,194,40477,144,,0,0,0,0,
system,query_log,revision,UInt32,38,,,749,161908,144,,0,0,0,0,
system,query_log,thread_ids,Array(UInt64),39,,,17147,489656,288,,0,0,0,0,
system,query_log,ProfileEvents.Names,Array(String),40,,,196503,7518658,288,,0,0,0,0,
system,query_log,ProfileEvents.Values,Array(UInt64),41,,,853585,3064056,144,,0,0,0,0,
system,query_log,Settings.Names,Array(String),42,,,22227,2658435,288,,0,0,0,0,
system,query_log,Settings.Values,Array(String),43,,,9424,880535,144,,0,0,0,0,
system,query_thread_log,event_date,Date,1,,,238,42028,96,,1,1,1,0,
system,query_thread_log,event_time,DateTime,2,,,36188,84056,96,,0,1,1,0,
system,query_thread_log,query_start_time,DateTime,3,,,37546,84056,96,,0,0,0,0,
system,query_thread_log,query_duration_ms,UInt64,4,,,39800,168112,96,,0,0,0,0,
system,query_thread_log,read_rows,UInt64,5,,,21117,168112,96,,0,0,0,0,
system,query_thread_log,read_bytes,UInt64,6,,,17199,168112,96,,0,0,0,0,
system,query_thread_log,written_rows,UInt64,7,,,6428,168112,96,,0,0,0,0,
system,query_thread_log,written_bytes,UInt64,8,,,25750,168112,96,,0,0,0,0,
system,query_thread_log,memory_usage,Int64,9,,,18282,168112,96,,0,0,0,0,
system,query_thread_log,peak_memory_usage,Int64,10,,,18179,168112,96,,0,0,0,0,
system,query_thread_log,thread_name,String,11,,,3620,253993,96,,0,0,0,0,
system,query_thread_log,thread_id,UInt64,12,,,9145,168112,96,,0,0,0,0,
system,query_thread_log,master_thread_id,UInt64,13,,,8963,168112,96,,0,0,0,0,
system,query_thread_log,query,String,14,,,142668,4048296,96,,0,0,0,0,
system,query_thread_log,is_initial_query,UInt8,15,,,145,21014,96,,0,0,0,0,
system,query_thread_log,user,String,16,,,764,168108,96,,0,0,0,0,
system,query_thread_log,query_id,String,17,,,761548,777446,96,,0,0,0,0,
system,query_thread_log,address,IPv6,18,,,5432,336224,96,,0,0,0,0,
system,query_thread_log,port,UInt16,19,,,9979,42028,96,,0,0,0,0,
system,query_thread_log,initial_user,String,20,,,757,168098,96,,0,0,0,0,
system,query_thread_log,initial_query_id,String,21,,,761681,777446,96,,0,0,0,0,
system,query_thread_log,initial_address,IPv6,22,,,5417,336224,96,,0,0,0,0,
system,query_thread_log,initial_port,UInt16,23,,,9941,42028,96,,0,0,0,0,
system,query_thread_log,interface,UInt8,24,,,1294,21014,96,,0,0,0,0,
system,query_thread_log,os_user,String,25,,,2260,37484,96,,0,0,0,0,
system,query_thread_log,client_hostname,String,26,,,2499,84402,96,,0,0,0,0,
system,query_thread_log,client_name,String,27,,,2293,35088,96,,0,0,0,0,
system,query_thread_log,client_revision,UInt32,28,,,1861,84056,96,,0,0,0,0,
system,query_thread_log,client_version_major,UInt32,29,,,1860,84056,96,,0,0,0,0,
system,query_thread_log,client_version_minor,UInt32,30,,,1860,84056,96,,0,0,0,0,
system,query_thread_log,client_version_patch,UInt32,31,,,1911,84056,96,,0,0,0,0,
system,query_thread_log,http_method,UInt8,32,,,1274,21014,96,,0,0,0,0,
system,query_thread_log,http_user_agent,String,33,,,5222,631791,96,,0,0,0,0,
system,query_thread_log,quota_key,String,34,,,118,21014,96,,0,0,0,0,
system,query_thread_log,revision,UInt32,35,,,368,84056,96,,0,0,0,0,
system,query_thread_log,ProfileEvents.Names,Array(String),36,,,205442,7520201,192,,0,0,0,0,
system,query_thread_log,ProfileEvents.Values,Array(UInt64),37,,,878183,3130952,96,,0,0,0,0,
system,quota_limits,quota_name,String,1,,,0,0,0,,0,0,0,0,
system,quota_limits,duration,UInt32,2,,,0,0,0,,0,0,0,0,
system,quota_limits,is_randomized_interval,UInt8,3,,,0,0,0,,0,0,0,0,
system,quota_limits,max_queries,Nullable(UInt64),4,,,0,0,0,,0,0,0,0,
system,quota_limits,max_errors,Nullable(UInt64),5,,,0,0,0,,0,0,0,0,
system,quota_limits,max_result_rows,Nullable(UInt64),6,,,0,0,0,,0,0,0,0,
system,quota_limits,max_result_bytes,Nullable(UInt64),7,,,0,0,0,,0,0,0,0,
system,quota_limits,max_read_rows,Nullable(UInt64),8,,,0,0,0,,0,0,0,0,
system,quota_limits,max_read_bytes,Nullable(UInt64),9,,,0,0,0,,0,0,0,0,
system,quota_limits,max_execution_time,Nullable(Float64),10,,,0,0,0,,0,0,0,0,
system,quota_usage,quota_name,String,1,,,0,0,0,,0,0,0,0,
system,quota_usage,quota_key,String,2,,,0,0,0,,0,0,0,0,
system,quota_usage,start_time,Nullable(DateTime),3,,,0,0,0,,0,0,0,0,
system,quota_usage,end_time,Nullable(DateTime),4,,,0,0,0,,0,0,0,0,
system,quota_usage,duration,Nullable(UInt32),5,,,0,0,0,,0,0,0,0,
system,quota_usage,queries,Nullable(UInt64),6,,,0,0,0,,0,0,0,0,
system,quota_usage,max_queries,Nullable(UInt64),7,,,0,0,0,,0,0,0,0,
system,quota_usage,errors,Nullable(UInt64),8,,,0,0,0,,0,0,0,0,
system,quota_usage,max_errors,Nullable(UInt64),9,,,0,0,0,,0,0,0,0,
system,quota_usage,result_rows,Nullable(UInt64),10,,,0,0,0,,0,0,0,0,
system,quota_usage,max_result_rows,Nullable(UInt64),11,,,0,0,0,,0,0,0,0,
system,quota_usage,result_bytes,Nullable(UInt64),12,,,0,0,0,,0,0,0,0,
system,quota_usage,max_result_bytes,Nullable(UInt64),13,,,0,0,0,,0,0,0,0,
system,quota_usage,read_rows,Nullable(UInt64),14,,,0,0,0,,0,0,0,0,
system,quota_usage,max_read_rows,Nullable(UInt64),15,,,0,0,0,,0,0,0,0,
system,quota_usage,read_bytes,Nullable(UInt64),16,,,0,0,0,,0,0,0,0,
system,quota_usage,max_read_bytes,Nullable(UInt64),17,,,0,0,0,,0,0,0,0,
system,quota_usage,execution_time,Nullable(Float64),18,,,0,0,0,,0,0,0,0,
system,quota_usage,max_execution_time,Nullable(Float64),19,,,0,0,0,,0,0,0,0,
system,quotas,name,String,1,,,0,0,0,,0,0,0,0,
system,quotas,id,UUID,2,,,0,0,0,,0,0,0,0,
system,quotas,storage,String,3,,,0,0,0,,0,0,0,0,
system,quotas,keys,"Array(Enum8('user_name' = 1, 'ip_address' = 2, 'client_key' = 3))",4,,,0,0,0,,0,0,0,0,
system,quotas,durations,Array(UInt32),5,,,0,0,0,,0,0,0,0,
system,quotas,apply_to_all,UInt8,6,,,0,0,0,,0,0,0,0,
system,quotas,apply_to_list,Array(String),7,,,0,0,0,,0,0,0,0,
system,quotas,apply_to_except,Array(String),8,,,0,0,0,,0,0,0,0,
system,quotas_usage,quota_name,String,1,,,0,0,0,,0,0,0,0,
system,quotas_usage,quota_key,String,2,,,0,0,0,,0,0,0,0,
system,quotas_usage,is_current,UInt8,3,,,0,0,0,,0,0,0,0,
system,quotas_usage,start_time,Nullable(DateTime),4,,,0,0,0,,0,0,0,0,
system,quotas_usage,end_time,Nullable(DateTime),5,,,0,0,0,,0,0,0,0,
system,quotas_usage,duration,Nullable(UInt32),6,,,0,0,0,,0,0,0,0,
system,quotas_usage,queries,Nullable(UInt64),7,,,0,0,0,,0,0,0,0,
system,quotas_usage,max_queries,Nullable(UInt64),8,,,0,0,0,,0,0,0,0,
system,quotas_usage,errors,Nullable(UInt64),9,,,0,0,0,,0,0,0,0,
system,quotas_usage,max_errors,Nullable(UInt64),10,,,0,0,0,,0,0,0,0,
system,quotas_usage,result_rows,Nullable(UInt64),11,,,0,0,0,,0,0,0,0,
system,quotas_usage,max_result_rows,Nullable(UInt64),12,,,0,0,0,,0,0,0,0,
system,quotas_usage,result_bytes,Nullable(UInt64),13,,,0,0,0,,0,0,0,0,
system,quotas_usage,max_result_bytes,Nullable(UInt64),14,,,0,0,0,,0,0,0,0,
system,quotas_usage,read_rows,Nullable(UInt64),15,,,0,0,0,,0,0,0,0,
system,quotas_usage,max_read_rows,Nullable(UInt64),16,,,0,0,0,,0,0,0,0,
system,quotas_usage,read_bytes,Nullable(UInt64),17,,,0,0,0,,0,0,0,0,
system,quotas_usage,max_read_bytes,Nullable(UInt64),18,,,0,0,0,,0,0,0,0,
system,quotas_usage,execution_time,Nullable(Float64),19,,,0,0,0,,0,0,0,0,
system,quotas_usage,max_execution_time,Nullable(Float64),20,,,0,0,0,,0,0,0,0,
system,replicas,database,String,1,,,0,0,0,,0,0,0,0,
system,replicas,table,String,2,,,0,0,0,,0,0,0,0,
system,replicas,self,String,3,,,0,0,0,,0,0,0,0,
system,replicas,is_leader,UInt8,4,,,0,0,0,,0,0,0,0,
system,replicas,can_become_leader,UInt8,5,,,0,0,0,,0,0,0,0,
system,replicas,is_readonly,UInt8,6,,,0,0,0,,0,0,0,0,
system,replicas,is_session_expired,UInt8,7,,,0,0,0,,0,0,0,0,
system,replicas,future_parts,UInt32,8,,,0,0,0,,0,0,0,0,
system,replicas,parts_to_check,UInt32,9,,,0,0,0,,0,0,0,0,
system,replicas,zookeeper_path,String,10,,,0,0,0,,0,0,0,0,
system,replicas,replica_name,String,11,,,0,0,0,,0,0,0,0,
system,replicas,replica_path,String,12,,,0,0,0,,0,0,0,0,
system,replicas,columns_version,Int32,13,,,0,0,0,,0,0,0,0,
system,replicas,queue_size,UInt32,14,,,0,0,0,,0,0,0,0,
system,replicas,inserts_in_queue,UInt32,15,,,0,0,0,,0,0,0,0,
system,replicas,merges_in_queue,UInt32,16,,,0,0,0,,0,0,0,0,
system,replicas,part_mutations_in_queue,UInt32,17,,,0,0,0,,0,0,0,0,
system,replicas,queue_oldest_time,DateTime,18,,,0,0,0,,0,0,0,0,
system,replicas,inserts_oldest_time,DateTime,19,,,0,0,0,,0,0,0,0,
system,replicas,merges_oldest_time,DateTime,20,,,0,0,0,,0,0,0,0,
system,replicas,part_mutations_oldest_time,DateTime,21,,,0,0,0,,0,0,0,0,
system,replicas,oldest_part_to_get,String,22,,,0,0,0,,0,0,0,0,
system,replicas,oldest_part_to_merge_to,String,23,,,0,0,0,,0,0,0,0,
system,replicas,oldest_part_to_mutate_to,String,24,,,0,0,0,,0,0,0,0,
system,replicas,log_max_index,UInt64,25,,,0,0,0,,0,0,0,0,
system,replicas,log_pointer,UInt64,26,,,0,0,0,,0,0,0,0,
system,replicas,last_queue_update,DateTime,27,,,0,0,0,,0,0,0,0,
system,replicas,absolute_delay,UInt64,28,,,0,0,0,,0,0,0,0,
system,replicas,total_replicas,UInt8,29,,,0,0,0,,0,0,0,0,
system,replicas,active_replicas,UInt8,30,,,0,0,0,,0,0,0,0,
system,replicas,zookeeper_exception,String,31,,,0,0,0,,0,0,0,0,
system,replication_queue,database,String,1,,,0,0,0,,0,0,0,0,
system,replication_queue,table,String,2,,,0,0,0,,0,0,0,0,
system,replication_queue,replica_name,String,3,,,0,0,0,,0,0,0,0,
system,replication_queue,position,UInt32,4,,,0,0,0,,0,0,0,0,
system,replication_queue,node_name,String,5,,,0,0,0,,0,0,0,0,
system,replication_queue,type,String,6,,,0,0,0,,0,0,0,0,
system,replication_queue,create_time,DateTime,7,,,0,0,0,,0,0,0,0,
system,replication_queue,required_quorum,UInt32,8,,,0,0,0,,0,0,0,0,
system,replication_queue,source_replica,String,9,,,0,0,0,,0,0,0,0,
system,replication_queue,new_part_name,String,10,,,0,0,0,,0,0,0,0,
system,replication_queue,parts_to_merge,Array(String),11,,,0,0,0,,0,0,0,0,
system,replication_queue,is_detach,UInt8,12,,,0,0,0,,0,0,0,0,
system,replication_queue,is_currently_executing,UInt8,13,,,0,0,0,,0,0,0,0,
system,replication_queue,num_tries,UInt32,14,,,0,0,0,,0,0,0,0,
system,replication_queue,last_exception,String,15,,,0,0,0,,0,0,0,0,
system,replication_queue,last_attempt_time,DateTime,16,,,0,0,0,,0,0,0,0,
system,replication_queue,num_postponed,UInt32,17,,,0,0,0,,0,0,0,0,
system,replication_queue,postpone_reason,String,18,,,0,0,0,,0,0,0,0,
system,replication_queue,last_postpone_time,DateTime,19,,,0,0,0,,0,0,0,0,
system,role_grants,user_name,Nullable(String),1,,,0,0,0,,0,0,0,0,
system,role_grants,role_name,Nullable(String),2,,,0,0,0,,0,0,0,0,
system,role_grants,granted_role_name,String,3,,,0,0,0,,0,0,0,0,
system,role_grants,granted_role_is_default,UInt8,4,,,0,0,0,,0,0,0,0,
system,role_grants,with_admin_option,UInt8,5,,,0,0,0,,0,0,0,0,
system,roles,name,String,1,,,0,0,0,,0,0,0,0,
system,roles,id,UUID,2,,,0,0,0,,0,0,0,0,
system,roles,storage,String,3,,,0,0,0,,0,0,0,0,
system,row_policies,name,String,1,,,0,0,0,,0,0,0,0,
system,row_policies,short_name,String,2,,,0,0,0,,0,0,0,0,
system,row_policies,database,String,3,,,0,0,0,,0,0,0,0,
system,row_policies,table,String,4,,,0,0,0,,0,0,0,0,
system,row_policies,id,UUID,5,,,0,0,0,,0,0,0,0,
system,row_policies,storage,String,6,,,0,0,0,,0,0,0,0,
system,row_policies,select_filter,Nullable(String),7,,,0,0,0,,0,0,0,0,
system,row_policies,is_restrictive,UInt8,8,,,0,0,0,,0,0,0,0,
system,row_policies,apply_to_all,UInt8,9,,,0,0,0,,0,0,0,0,
system,row_policies,apply_to_list,Array(String),10,,,0,0,0,,0,0,0,0,
system,row_policies,apply_to_except,Array(String),11,,,0,0,0,,0,0,0,0,
system,settings,name,String,1,,,0,0,0,,0,0,0,0,
system,settings,value,String,2,,,0,0,0,,0,0,0,0,
system,settings,changed,UInt8,3,,,0,0,0,,0,0,0,0,
system,settings,description,String,4,,,0,0,0,,0,0,0,0,
system,settings,min,Nullable(String),5,,,0,0,0,,0,0,0,0,
system,settings,max,Nullable(String),6,,,0,0,0,,0,0,0,0,
system,settings,readonly,UInt8,7,,,0,0,0,,0,0,0,0,
system,settings,type,String,8,,,0,0,0,,0,0,0,0,
system,settings_profile_elements,profile_name,Nullable(String),1,,,0,0,0,,0,0,0,0,
system,settings_profile_elements,user_name,Nullable(String),2,,,0,0,0,,0,0,0,0,
system,settings_profile_elements,role_name,Nullable(String),3,,,0,0,0,,0,0,0,0,
system,settings_profile_elements,index,UInt64,4,,,0,0,0,,0,0,0,0,
system,settings_profile_elements,setting_name,Nullable(String),5,,,0,0,0,,0,0,0,0,
system,settings_profile_elements,value,Nullable(String),6,,,0,0,0,,0,0,0,0,
system,settings_profile_elements,min,Nullable(String),7,,,0,0,0,,0,0,0,0,
system,settings_profile_elements,max,Nullable(String),8,,,0,0,0,,0,0,0,0,
system,settings_profile_elements,readonly,Nullable(UInt8),9,,,0,0,0,,0,0,0,0,
system,settings_profile_elements,inherit_profile,Nullable(String),10,,,0,0,0,,0,0,0,0,
system,settings_profiles,name,String,1,,,0,0,0,,0,0,0,0,
system,settings_profiles,id,UUID,2,,,0,0,0,,0,0,0,0,
system,settings_profiles,storage,String,3,,,0,0,0,,0,0,0,0,
system,settings_profiles,num_elements,UInt64,4,,,0,0,0,,0,0,0,0,
system,settings_profiles,apply_to_all,UInt8,5,,,0,0,0,,0,0,0,0,
system,settings_profiles,apply_to_list,Array(String),6,,,0,0,0,,0,0,0,0,
system,settings_profiles,apply_to_except,Array(String),7,,,0,0,0,,0,0,0,0,
system,stack_trace,thread_id,UInt64,1,,,0,0,0,,0,0,0,0,
system,stack_trace,query_id,String,2,,,0,0,0,,0,0,0,0,
system,stack_trace,trace,Array(UInt64),3,,,0,0,0,,0,0,0,0,
system,storage_policies,policy_name,String,1,,,0,0,0,,0,0,0,0,
system,storage_policies,volume_name,String,2,,,0,0,0,,0,0,0,0,
system,storage_policies,volume_priority,UInt64,3,,,0,0,0,,0,0,0,0,
system,storage_policies,disks,Array(String),4,,,0,0,0,,0,0,0,0,
system,storage_policies,volume_type,String,5,,,0,0,0,,0,0,0,0,
system,storage_policies,max_data_part_size,UInt64,6,,,0,0,0,,0,0,0,0,
system,storage_policies,move_factor,Float32,7,,,0,0,0,,0,0,0,0,
system,table_engines,name,String,1,,,0,0,0,,0,0,0,0,
system,table_engines,supports_settings,UInt8,2,,,0,0,0,,0,0,0,0,
system,table_engines,supports_skipping_indices,UInt8,3,,,0,0,0,,0,0,0,0,
system,table_engines,supports_sort_order,UInt8,4,,,0,0,0,,0,0,0,0,
system,table_engines,supports_ttl,UInt8,5,,,0,0,0,,0,0,0,0,
system,table_engines,supports_replication,UInt8,6,,,0,0,0,,0,0,0,0,
system,table_engines,supports_deduplication,UInt8,7,,,0,0,0,,0,0,0,0,
system,table_functions,name,String,1,,,0,0,0,,0,0,0,0,
system,tables,database,String,1,,,0,0,0,,0,0,0,0,
system,tables,name,String,2,,,0,0,0,,0,0,0,0,
system,tables,uuid,UUID,3,,,0,0,0,,0,0,0,0,
system,tables,self,String,4,,,0,0,0,,0,0,0,0,
system,tables,is_temporary,UInt8,5,,,0,0,0,,0,0,0,0,
system,tables,data_paths,Array(String),6,,,0,0,0,,0,0,0,0,
system,tables,metadata_path,String,7,,,0,0,0,,0,0,0,0,
system,tables,metadata_modification_time,DateTime,8,,,0,0,0,,0,0,0,0,
system,tables,dependencies_database,Array(String),9,,,0,0,0,,0,0,0,0,
system,tables,dependencies_table,Array(String),10,,,0,0,0,,0,0,0,0,
system,tables,create_table_query,String,11,,,0,0,0,,0,0,0,0,
system,tables,engine_full,String,12,,,0,0,0,,0,0,0,0,
system,tables,partition_key,String,13,,,0,0,0,,0,0,0,0,
system,tables,sorting_key,String,14,,,0,0,0,,0,0,0,0,
system,tables,primary_key,String,15,,,0,0,0,,0,0,0,0,
system,tables,sampling_key,String,16,,,0,0,0,,0,0,0,0,
system,tables,storage_policy,String,17,,,0,0,0,,0,0,0,0,
system,tables,total_rows,Nullable(UInt64),18,,,0,0,0,,0,0,0,0,
system,tables,total_bytes,Nullable(UInt64),19,,,0,0,0,,0,0,0,0,
system,tables,lifetime_rows,Nullable(UInt64),20,,,0,0,0,,0,0,0,0,
system,tables,lifetime_bytes,Nullable(UInt64),21,,,0,0,0,,0,0,0,0,
system,time_zones,time_zone,String,1,,,0,0,0,,0,0,0,0,
system,trace_log,event_date,Date,1,,,0,0,0,,1,1,1,0,
system,trace_log,event_time,DateTime,2,,,0,0,0,,0,1,1,0,
system,trace_log,timestamp_ns,UInt64,3,,,0,0,0,,0,0,0,0,
system,trace_log,revision,UInt32,4,,,0,0,0,,0,0,0,0,
system,trace_log,trace_type,"Enum8('Real' = 0, 'CPU' = 1, 'Memory' = 2, 'MemorySample' = 3)",5,,,0,0,0,,0,0,0,0,
system,trace_log,thread_id,UInt64,6,,,0,0,0,,0,0,0,0,
system,trace_log,query_id,String,7,,,0,0,0,,0,0,0,0,
system,trace_log,trace,Array(UInt64),8,,,0,0,0,,0,0,0,0,
system,trace_log,size,Int64,9,,,0,0,0,,0,0,0,0,
system,user_directories,name,String,1,,,0,0,0,,0,0,0,0,
system,user_directories,type,String,2,,,0,0,0,,0,0,0,0,
system,user_directories,path,String,3,,,0,0,0,,0,0,0,0,
system,user_directories,readonly,UInt8,4,,,0,0,0,,0,0,0,0,
system,user_directories,precedence,UInt64,5,,,0,0,0,,0,0,0,0,
system,users,name,String,1,,,0,0,0,,0,0,0,0,
system,users,id,UUID,2,,,0,0,0,,0,0,0,0,
system,users,storage,String,3,,,0,0,0,,0,0,0,0,
system,users,auth_type,"Enum8('no_password' = 0, 'plaintext_password' = 1, 'sha256_password' = 2, 'double_sha1_password' = 3, 'ldap_server' = 4)",4,,,0,0,0,,0,0,0,0,
system,users,auth_params,String,5,,,0,0,0,,0,0,0,0,
system,users,host_ip,Array(String),6,,,0,0,0,,0,0,0,0,
system,users,host_names,Array(String),7,,,0,0,0,,0,0,0,0,
system,users,host_names_regexp,Array(String),8,,,0,0,0,,0,0,0,0,
system,users,host_names_like,Array(String),9,,,0,0,0,,0,0,0,0,
system,users,default_roles_all,UInt8,10,,,0,0,0,,0,0,0,0,
system,users,default_roles_list,Array(String),11,,,0,0,0,,0,0,0,0,
system,users,default_roles_except,Array(String),12,,,0,0,0,,0,0,0,0,
system,zeros,zero,UInt8,1,,,0,0,0,,0,0,0,0,
system,zeros_mt,zero,UInt8,1,,,0,0,0,,0,0,0,0,
